"audit_screen_id","flow_id","requirement","evidence_references","confidence_classification","implementation_file","test_file","validation_screenshot","current_status","known_deviation","reason_for_deviation"
"001_streamer_home_default","F01;F15","Live console — Idle rear-camera preview; defaults; 11 interactive elements","evidence/screenshots/001_streamer_home_default.png;evidence/ui-xml/001_streamer_home_default.xml;screens/screen-specs/001_streamer_home_default.json","CONFIRMED","app/src/main/java/com/irlstreamer/reconstruction/ui/live/LiveConsoleScreen.kt","app/src/androidTest/java/com/irlstreamer/reconstruction/LiveConsoleTest.kt","validation/current/001_streamer_home_default.png","IMPLEMENTED","D003;D008;D009;D005;D010;D012","Strict visual threshold failed; inspect per-screen JSON/side-by-side evidence and docs/known-deviations.md."
"002_settings_root","F02","Settings Root — settings root; 6 interactive elements","evidence/screenshots/002_settings_root.png;evidence/ui-xml/002_settings_root.xml;screens/screen-specs/002_settings_root.json","CONFIRMED","app/src/main/java/com/irlstreamer/reconstruction/ui/settings/SettingsScreen.kt","app/src/androidTest/java/com/irlstreamer/reconstruction/SettingsFlowTest.kt","validation/current/002_settings_root.png","IMPLEMENTED","D001;D004;D011","Strict visual threshold failed; inspect per-screen JSON/side-by-side evidence and docs/known-deviations.md."
"003_settings_root_scrolled","F02","Settings Root Scrolled — settings root scrolled; 9 interactive elements","evidence/screenshots/003_settings_root_scrolled.png;evidence/ui-xml/003_settings_root_scrolled.xml;screens/screen-specs/003_settings_root_scrolled.json","CONFIRMED","app/src/main/java/com/irlstreamer/reconstruction/ui/settings/SettingsScreen.kt","app/src/androidTest/java/com/irlstreamer/reconstruction/SettingsFlowTest.kt","validation/current/003_settings_root_scrolled.png","IMPLEMENTED","","Strict visual threshold failed; inspect per-screen JSON/side-by-side evidence and docs/known-deviations.md."
"004_settings_root_bottom","F02","Settings Root Bottom — settings root bottom; 8 interactive elements","evidence/screenshots/004_settings_root_bottom.png;evidence/ui-xml/004_settings_root_bottom.xml;screens/screen-specs/004_settings_root_bottom.json","CONFIRMED","app/src/main/java/com/irlstreamer/reconstruction/ui/settings/SettingsScreen.kt","app/src/androidTest/java/com/irlstreamer/reconstruction/SettingsFlowTest.kt","validation/current/004_settings_root_bottom.png","IMPLEMENTED","","Strict visual threshold failed; inspect per-screen JSON/side-by-side evidence and docs/known-deviations.md."
"005_settings_root_final","F02","Settings Root Final — settings root final; 8 interactive elements","evidence/screenshots/005_settings_root_final.png;evidence/ui-xml/005_settings_root_final.xml;screens/screen-specs/005_settings_root_final.json","CONFIRMED","app/src/main/java/com/irlstreamer/reconstruction/ui/settings/SettingsScreen.kt","app/src/androidTest/java/com/irlstreamer/reconstruction/SettingsFlowTest.kt","validation/current/005_settings_root_final.png","IMPLEMENTED","","Strict visual threshold failed; inspect per-screen JSON/side-by-side evidence and docs/known-deviations.md."
"006_streamer_settings","F03","Streamer Settings — streamer settings; 8 interactive elements","evidence/screenshots/006_streamer_settings.png;evidence/ui-xml/006_streamer_settings.xml;screens/screen-specs/006_streamer_settings.json","CONFIRMED","app/src/main/java/com/irlstreamer/reconstruction/ui/settings/SettingsScreen.kt","app/src/androidTest/java/com/irlstreamer/reconstruction/SettingsFlowTest.kt","validation/current/006_streamer_settings.png","IMPLEMENTED","D001;D004;D011","Strict visual threshold failed; inspect per-screen JSON/side-by-side evidence and docs/known-deviations.md."
"007_streamer_settings_chat_scrolled","F03","Streamer Settings Chat Scrolled — streamer settings chat scrolled; 12 interactive elements","evidence/screenshots/007_streamer_settings_chat_scrolled.png;evidence/ui-xml/007_streamer_settings_chat_scrolled.xml;screens/screen-specs/007_streamer_settings_chat_scrolled.json","CONFIRMED","app/src/main/java/com/irlstreamer/reconstruction/ui/settings/SettingsScreen.kt","app/src/androidTest/java/com/irlstreamer/reconstruction/SettingsFlowTest.kt","validation/current/007_streamer_settings_chat_scrolled.png","IMPLEMENTED","","Strict visual threshold failed; inspect per-screen JSON/side-by-side evidence and docs/known-deviations.md."
"008_streamer_settings_dashboard","F03","Streamer Settings Dashboard — streamer settings dashboard; 7 interactive elements","evidence/screenshots/008_streamer_settings_dashboard.png;evidence/ui-xml/008_streamer_settings_dashboard.xml;screens/screen-specs/008_streamer_settings_dashboard.json","CONFIRMED","app/src/main/java/com/irlstreamer/reconstruction/ui/settings/SettingsScreen.kt","app/src/androidTest/java/com/irlstreamer/reconstruction/SettingsFlowTest.kt","validation/current/008_streamer_settings_dashboard.png","IMPLEMENTED","","Strict visual threshold failed; inspect per-screen JSON/side-by-side evidence and docs/known-deviations.md."
"009_streamer_settings_alerts","F03","Streamer Settings Alerts — streamer settings alerts; 7 interactive elements","evidence/screenshots/009_streamer_settings_alerts.png;evidence/ui-xml/009_streamer_settings_alerts.xml;screens/screen-specs/009_streamer_settings_alerts.json","CONFIRMED","app/src/main/java/com/irlstreamer/reconstruction/ui/settings/SettingsScreen.kt","app/src/androidTest/java/com/irlstreamer/reconstruction/SettingsFlowTest.kt","validation/current/009_streamer_settings_alerts.png","IMPLEMENTED","D001;D004;D011","Strict visual threshold failed; inspect per-screen JSON/side-by-side evidence and docs/known-deviations.md."
"010_streamer_settings_custom_page","F03","Streamer Settings Custom Page — streamer settings custom page; 7 interactive elements","evidence/screenshots/010_streamer_settings_custom_page.png;evidence/ui-xml/010_streamer_settings_custom_page.xml;screens/screen-specs/010_streamer_settings_custom_page.json","CONFIRMED","app/src/main/java/com/irlstreamer/reconstruction/ui/settings/SettingsScreen.kt","app/src/androidTest/java/com/irlstreamer/reconstruction/SettingsFlowTest.kt","validation/current/010_streamer_settings_custom_page.png","IMPLEMENTED","D001;D004;D011","Strict visual threshold failed; inspect per-screen JSON/side-by-side evidence and docs/known-deviations.md."
"011_streamer_settings_final","F03","Streamer Settings Final — streamer settings final; 7 interactive elements","evidence/screenshots/011_streamer_settings_final.png;evidence/ui-xml/011_streamer_settings_final.xml;screens/screen-specs/011_streamer_settings_final.json","CONFIRMED","app/src/main/java/com/irlstreamer/reconstruction/ui/settings/SettingsScreen.kt","app/src/androidTest/java/com/irlstreamer/reconstruction/SettingsFlowTest.kt","validation/current/011_streamer_settings_final.png","IMPLEMENTED","D001;D004;D011","Strict visual threshold failed; inspect per-screen JSON/side-by-side evidence and docs/known-deviations.md."
"012_custom_page_url_dialog","F03","Custom Page Url Dialog — custom page url dialog; 3 interactive elements","evidence/screenshots/012_custom_page_url_dialog.png;evidence/ui-xml/012_custom_page_url_dialog.xml;screens/screen-specs/012_custom_page_url_dialog.json","CONFIRMED","app/src/main/java/com/irlstreamer/reconstruction/ui/components/AuditedDialogs.kt","app/src/androidTest/java/com/irlstreamer/reconstruction/SettingsFlowTest.kt","validation/current/012_custom_page_url_dialog.png","IMPLEMENTED","","Strict visual threshold failed; inspect per-screen JSON/side-by-side evidence and docs/known-deviations.md."
"013_alert_dashboard_scale_dialog","F03","Alert Dashboard Scale Dialog — alert dashboard scale dialog; 3 interactive elements","evidence/screenshots/013_alert_dashboard_scale_dialog.png;evidence/ui-xml/013_alert_dashboard_scale_dialog.xml;screens/screen-specs/013_alert_dashboard_scale_dialog.json","CONFIRMED","app/src/main/java/com/irlstreamer/reconstruction/ui/components/AuditedDialogs.kt","app/src/androidTest/java/com/irlstreamer/reconstruction/SettingsFlowTest.kt","validation/current/013_alert_dashboard_scale_dialog.png","IMPLEMENTED","","Strict visual threshold failed; inspect per-screen JSON/side-by-side evidence and docs/known-deviations.md."
"014_chat_font_scale_dialog","F03","Chat Font Scale Dialog — chat font scale dialog; 3 interactive elements","evidence/screenshots/014_chat_font_scale_dialog.png;evidence/ui-xml/014_chat_font_scale_dialog.xml;screens/screen-specs/014_chat_font_scale_dialog.json","CONFIRMED","app/src/main/java/com/irlstreamer/reconstruction/ui/components/AuditedDialogs.kt","app/src/androidTest/java/com/irlstreamer/reconstruction/SettingsFlowTest.kt","validation/current/014_chat_font_scale_dialog.png","IMPLEMENTED","","Strict visual threshold failed; inspect per-screen JSON/side-by-side evidence and docs/known-deviations.md."
"015_streamer_platform_icons_enabled","F03","Streamer options — Platform-icons switch temporarily enabled, then restored; 11 interactive elements","evidence/screenshots/015_streamer_platform_icons_enabled.png;evidence/ui-xml/015_streamer_platform_icons_enabled.xml;screens/screen-specs/015_streamer_platform_icons_enabled.json","CONFIRMED","app/src/main/java/com/irlstreamer/reconstruction/ui/settings/SettingsScreen.kt","app/src/androidTest/java/com/irlstreamer/reconstruction/SettingsFlowTest.kt","validation/current/015_streamer_platform_icons_enabled.png","IMPLEMENTED","","Strict visual threshold failed; inspect per-screen JSON/side-by-side evidence and docs/known-deviations.md."
"016_bonding_settings","F04","Bonding Settings — bonding settings; 4 interactive elements","evidence/screenshots/016_bonding_settings.png;evidence/ui-xml/016_bonding_settings.xml;screens/screen-specs/016_bonding_settings.json","CONFIRMED","app/src/main/java/com/irlstreamer/reconstruction/ui/settings/SettingsScreen.kt","app/src/androidTest/java/com/irlstreamer/reconstruction/SettingsFlowTest.kt","validation/current/016_bonding_settings.png","IMPLEMENTED","D001;D004;D011","Strict visual threshold failed; inspect per-screen JSON/side-by-side evidence and docs/known-deviations.md."
"017_bonding_mode_controls","F04","Bonding Mode Controls — bonding mode controls; 8 interactive elements","evidence/screenshots/017_bonding_mode_controls.png;evidence/ui-xml/017_bonding_mode_controls.xml;screens/screen-specs/017_bonding_mode_controls.json","CONFIRMED","app/src/main/java/com/irlstreamer/reconstruction/ui/settings/SettingsScreen.kt","app/src/androidTest/java/com/irlstreamer/reconstruction/SettingsFlowTest.kt","validation/current/017_bonding_mode_controls.png","IMPLEMENTED","","Strict visual threshold failed; inspect per-screen JSON/side-by-side evidence and docs/known-deviations.md."
"018_bonding_link_weights","F04","Bonding Link Weights — bonding link weights; 12 interactive elements","evidence/screenshots/018_bonding_link_weights.png;evidence/ui-xml/018_bonding_link_weights.xml;screens/screen-specs/018_bonding_link_weights.json","CONFIRMED","app/src/main/java/com/irlstreamer/reconstruction/ui/settings/SettingsScreen.kt","app/src/androidTest/java/com/irlstreamer/reconstruction/SettingsFlowTest.kt","validation/current/018_bonding_link_weights.png","IMPLEMENTED","","Strict visual threshold failed; inspect per-screen JSON/side-by-side evidence and docs/known-deviations.md."
"019_bonding_link_weights_lower","F04","Bonding Link Weights Lower — bonding link weights lower; 12 interactive elements","evidence/screenshots/019_bonding_link_weights_lower.png;evidence/ui-xml/019_bonding_link_weights_lower.xml;screens/screen-specs/019_bonding_link_weights_lower.json","CONFIRMED","app/src/main/java/com/irlstreamer/reconstruction/ui/settings/SettingsScreen.kt","app/src/androidTest/java/com/irlstreamer/reconstruction/SettingsFlowTest.kt","validation/current/019_bonding_link_weights_lower.png","IMPLEMENTED","","Strict visual threshold failed; inspect per-screen JSON/side-by-side evidence and docs/known-deviations.md."
"020_bonding_wifi_weight_adjusted","F04","Bonding options — Wi-Fi weight temporarily set to 50, then restored to 100; 12 interactive elements","evidence/screenshots/020_bonding_wifi_weight_adjusted.png;evidence/ui-xml/020_bonding_wifi_weight_adjusted.xml;screens/screen-specs/020_bonding_wifi_weight_adjusted.json","CONFIRMED","app/src/main/java/com/irlstreamer/reconstruction/ui/settings/SettingsScreen.kt","app/src/androidTest/java/com/irlstreamer/reconstruction/SettingsFlowTest.kt","validation/current/020_bonding_wifi_weight_adjusted.png","IMPLEMENTED","","Strict visual threshold failed; inspect per-screen JSON/side-by-side evidence and docs/known-deviations.md."
"021_connections_list_empty","F05","Connections List Empty — connections list empty; 4 interactive elements","evidence/screenshots/021_connections_list_empty.png;evidence/ui-xml/021_connections_list_empty.xml;screens/screen-specs/021_connections_list_empty.json","CONFIRMED","app/src/main/java/com/irlstreamer/reconstruction/ui/settings/SettingsScreen.kt","app/src/androidTest/java/com/irlstreamer/reconstruction/SettingsFlowTest.kt","validation/current/021_connections_list_empty.png","IMPLEMENTED","","Strict visual threshold failed; inspect per-screen JSON/side-by-side evidence and docs/known-deviations.md."
"022_new_connection_protocol_menu","F05","New outgoing connection — Default empty form; protocol-specific fields appear after a recognized URL is entered; 7 interactive elements","evidence/screenshots/022_new_connection_protocol_menu.png;evidence/ui-xml/022_new_connection_protocol_menu.xml;screens/screen-specs/022_new_connection_protocol_menu.json","CONFIRMED","app/src/main/java/com/irlstreamer/reconstruction/ui/settings/SettingsScreen.kt","app/src/androidTest/java/com/irlstreamer/reconstruction/SettingsFlowTest.kt","validation/current/022_new_connection_protocol_menu.png","IMPLEMENTED","","Strict visual threshold failed; inspect per-screen JSON/side-by-side evidence and docs/known-deviations.md."
"023_new_connection_form_bottom","F05","New outgoing connection — Default form, lower actions; 9 interactive elements","evidence/screenshots/023_new_connection_form_bottom.png;evidence/ui-xml/023_new_connection_form_bottom.xml;screens/screen-specs/023_new_connection_form_bottom.json","CONFIRMED","app/src/main/java/com/irlstreamer/reconstruction/ui/settings/SettingsScreen.kt","app/src/androidTest/java/com/irlstreamer/reconstruction/SettingsFlowTest.kt","validation/current/023_new_connection_form_bottom.png","IMPLEMENTED","D001;D004;D011","Strict visual threshold failed; inspect per-screen JSON/side-by-side evidence and docs/known-deviations.md."
"024_new_connection_invalid_url","F05","New outgoing connection — Incomplete form; URL empty and Save disabled; no record saved; 9 interactive elements","evidence/screenshots/024_new_connection_invalid_url.png;evidence/ui-xml/024_new_connection_invalid_url.xml;screens/screen-specs/024_new_connection_invalid_url.json","CONFIRMED","app/src/main/java/com/irlstreamer/reconstruction/ui/settings/SettingsScreen.kt","app/src/androidTest/java/com/irlstreamer/reconstruction/SettingsFlowTest.kt","validation/current/024_new_connection_invalid_url.png","IMPLEMENTED","D001;D004;D011","Strict visual threshold failed; inspect per-screen JSON/side-by-side evidence and docs/known-deviations.md."
"025_new_connection_rtmp_fields","F05","New Connection Rtmp Fields — new connection rtmp fields; 7 interactive elements","evidence/screenshots/025_new_connection_rtmp_fields.png;evidence/ui-xml/025_new_connection_rtmp_fields.xml;screens/screen-specs/025_new_connection_rtmp_fields.json","CONFIRMED","app/src/main/java/com/irlstreamer/reconstruction/ui/settings/SettingsScreen.kt","app/src/androidTest/java/com/irlstreamer/reconstruction/SettingsFlowTest.kt","validation/current/025_new_connection_rtmp_fields.png","IMPLEMENTED","D001;D004;D011","Strict visual threshold failed; inspect per-screen JSON/side-by-side evidence and docs/known-deviations.md."
"026_new_connection_rtmp_advanced","F05","New Connection Rtmp Advanced — new connection rtmp advanced; 10 interactive elements","evidence/screenshots/026_new_connection_rtmp_advanced.png;evidence/ui-xml/026_new_connection_rtmp_advanced.xml;screens/screen-specs/026_new_connection_rtmp_advanced.json","CONFIRMED","app/src/main/java/com/irlstreamer/reconstruction/ui/settings/SettingsScreen.kt","app/src/androidTest/java/com/irlstreamer/reconstruction/SettingsFlowTest.kt","validation/current/026_new_connection_rtmp_advanced.png","IMPLEMENTED","D001;D004;D011","Strict visual threshold failed; inspect per-screen JSON/side-by-side evidence and docs/known-deviations.md."
"027_rtmp_target_type_menu","F05","Rtmp Target Type Menu — rtmp target type menu; 5 interactive elements","evidence/screenshots/027_rtmp_target_type_menu.png;evidence/ui-xml/027_rtmp_target_type_menu.xml;screens/screen-specs/027_rtmp_target_type_menu.json","CONFIRMED","app/src/main/java/com/irlstreamer/reconstruction/ui/components/AuditedDialogs.kt","app/src/androidTest/java/com/irlstreamer/reconstruction/SettingsFlowTest.kt","validation/current/027_rtmp_target_type_menu.png","IMPLEMENTED","D001;D004;D011","Strict visual threshold failed; inspect per-screen JSON/side-by-side evidence and docs/known-deviations.md."
"028_rtmp_authorization_fields","F05","Rtmp Authorization Fields — rtmp authorization fields; 10 interactive elements","evidence/screenshots/028_rtmp_authorization_fields.png;evidence/ui-xml/028_rtmp_authorization_fields.xml;screens/screen-specs/028_rtmp_authorization_fields.json","CONFIRMED","app/src/main/java/com/irlstreamer/reconstruction/ui/settings/SettingsScreen.kt","app/src/androidTest/java/com/irlstreamer/reconstruction/SettingsFlowTest.kt","validation/current/028_rtmp_authorization_fields.png","IMPLEMENTED","D001;D004;D011","Strict visual threshold failed; inspect per-screen JSON/side-by-side evidence and docs/known-deviations.md."
"029_manage_connections_empty","F05","Manage Connections Empty — manage connections empty; 3 interactive elements","evidence/screenshots/029_manage_connections_empty.png;evidence/ui-xml/029_manage_connections_empty.xml;screens/screen-specs/029_manage_connections_empty.json","CONFIRMED","app/src/main/java/com/irlstreamer/reconstruction/ui/settings/SettingsScreen.kt","app/src/androidTest/java/com/irlstreamer/reconstruction/SettingsFlowTest.kt","validation/current/029_manage_connections_empty.png","IMPLEMENTED","","Strict visual threshold failed; inspect per-screen JSON/side-by-side evidence and docs/known-deviations.md."
"030_twitch_quick_setup_form","F05","Twitch Quick Setup Form — twitch quick setup form; 4 interactive elements","evidence/screenshots/030_twitch_quick_setup_form.png;evidence/ui-xml/030_twitch_quick_setup_form.xml;screens/screen-specs/030_twitch_quick_setup_form.json","CONFIRMED","app/src/main/java/com/irlstreamer/reconstruction/ui/components/AuditedDialogs.kt","app/src/androidTest/java/com/irlstreamer/reconstruction/SettingsFlowTest.kt","validation/current/030_twitch_quick_setup_form.png","IMPLEMENTED","D001;D004;D011","Strict visual threshold failed; inspect per-screen JSON/side-by-side evidence and docs/known-deviations.md."
"031_kick_quick_setup_form","F05","Kick Quick Setup Form — kick quick setup form; 5 interactive elements","evidence/screenshots/031_kick_quick_setup_form.png;evidence/ui-xml/031_kick_quick_setup_form.xml;screens/screen-specs/031_kick_quick_setup_form.json","CONFIRMED","app/src/main/java/com/irlstreamer/reconstruction/ui/components/AuditedDialogs.kt","app/src/androidTest/java/com/irlstreamer/reconstruction/SettingsFlowTest.kt","validation/current/031_kick_quick_setup_form.png","IMPLEMENTED","D001;D004;D011","Strict visual threshold failed; inspect per-screen JSON/side-by-side evidence and docs/known-deviations.md."
"032_video_settings","F06","Video Settings — video settings; 6 interactive elements","evidence/screenshots/032_video_settings.png;evidence/ui-xml/032_video_settings.xml;screens/screen-specs/032_video_settings.json","CONFIRMED","app/src/main/java/com/irlstreamer/reconstruction/ui/settings/SettingsScreen.kt","app/src/androidTest/java/com/irlstreamer/reconstruction/SettingsFlowTest.kt","validation/current/032_video_settings.png","IMPLEMENTED","","Strict visual threshold failed; inspect per-screen JSON/side-by-side evidence and docs/known-deviations.md."
"033_video_resolution_fps","F06","Video Resolution Fps — video resolution fps; 11 interactive elements","evidence/screenshots/033_video_resolution_fps.png;evidence/ui-xml/033_video_resolution_fps.xml;screens/screen-specs/033_video_resolution_fps.json","CONFIRMED","app/src/main/java/com/irlstreamer/reconstruction/ui/settings/SettingsScreen.kt","app/src/androidTest/java/com/irlstreamer/reconstruction/SettingsFlowTest.kt","validation/current/033_video_resolution_fps.png","IMPLEMENTED","","Strict visual threshold failed; inspect per-screen JSON/side-by-side evidence and docs/known-deviations.md."
"034_video_orientation_controls","F06","Video Orientation Controls — video orientation controls; 8 interactive elements","evidence/screenshots/034_video_orientation_controls.png;evidence/ui-xml/034_video_orientation_controls.xml;screens/screen-specs/034_video_orientation_controls.json","CONFIRMED","app/src/main/java/com/irlstreamer/reconstruction/ui/settings/SettingsScreen.kt","app/src/androidTest/java/com/irlstreamer/reconstruction/SettingsFlowTest.kt","validation/current/034_video_orientation_controls.png","IMPLEMENTED","","Strict visual threshold failed; inspect per-screen JSON/side-by-side evidence and docs/known-deviations.md."
"035_video_lens_defaults","F06","Video Lens Defaults — video lens defaults; 7 interactive elements","evidence/screenshots/035_video_lens_defaults.png;evidence/ui-xml/035_video_lens_defaults.xml;screens/screen-specs/035_video_lens_defaults.json","CONFIRMED","app/src/main/java/com/irlstreamer/reconstruction/ui/settings/SettingsScreen.kt","app/src/androidTest/java/com/irlstreamer/reconstruction/SettingsFlowTest.kt","validation/current/035_video_lens_defaults.png","IMPLEMENTED","","Strict visual threshold failed; inspect per-screen JSON/side-by-side evidence and docs/known-deviations.md."
"036_video_encoder_parameters","F06","Video Encoder Parameters — video encoder parameters; 8 interactive elements","evidence/screenshots/036_video_encoder_parameters.png;evidence/ui-xml/036_video_encoder_parameters.xml;screens/screen-specs/036_video_encoder_parameters.json","CONFIRMED","app/src/main/java/com/irlstreamer/reconstruction/ui/settings/SettingsScreen.kt","app/src/androidTest/java/com/irlstreamer/reconstruction/SettingsFlowTest.kt","validation/current/036_video_encoder_parameters.png","IMPLEMENTED","","Strict visual threshold failed; inspect per-screen JSON/side-by-side evidence and docs/known-deviations.md."
"037_video_codec_color","F06","Video Codec Color — video codec color; 7 interactive elements","evidence/screenshots/037_video_codec_color.png;evidence/ui-xml/037_video_codec_color.xml;screens/screen-specs/037_video_codec_color.json","CONFIRMED","app/src/main/java/com/irlstreamer/reconstruction/ui/settings/SettingsScreen.kt","app/src/androidTest/java/com/irlstreamer/reconstruction/SettingsFlowTest.kt","validation/current/037_video_codec_color.png","IMPLEMENTED","","Strict visual threshold failed; inspect per-screen JSON/side-by-side evidence and docs/known-deviations.md."
"038_video_vendor_enhancements","F06","Video Vendor Enhancements — video vendor enhancements; 7 interactive elements","evidence/screenshots/038_video_vendor_enhancements.png;evidence/ui-xml/038_video_vendor_enhancements.xml;screens/screen-specs/038_video_vendor_enhancements.json","CONFIRMED","app/src/main/java/com/irlstreamer/reconstruction/ui/settings/SettingsScreen.kt","app/src/androidTest/java/com/irlstreamer/reconstruction/SettingsFlowTest.kt","validation/current/038_video_vendor_enhancements.png","IMPLEMENTED","","Strict visual threshold failed; inspect per-screen JSON/side-by-side evidence and docs/known-deviations.md."
"039_video_adaptive_bitrate","F06","Video Adaptive Bitrate — video adaptive bitrate; 7 interactive elements","evidence/screenshots/039_video_adaptive_bitrate.png;evidence/ui-xml/039_video_adaptive_bitrate.xml;screens/screen-specs/039_video_adaptive_bitrate.json","CONFIRMED","app/src/main/java/com/irlstreamer/reconstruction/ui/settings/SettingsScreen.kt","app/src/androidTest/java/com/irlstreamer/reconstruction/SettingsFlowTest.kt","validation/current/039_video_adaptive_bitrate.png","IMPLEMENTED","","Strict visual threshold failed; inspect per-screen JSON/side-by-side evidence and docs/known-deviations.md."
"040_video_adaptive_floor","F06","Video Adaptive Floor — video adaptive floor; 7 interactive elements","evidence/screenshots/040_video_adaptive_floor.png;evidence/ui-xml/040_video_adaptive_floor.xml;screens/screen-specs/040_video_adaptive_floor.json","CONFIRMED","app/src/main/java/com/irlstreamer/reconstruction/ui/settings/SettingsScreen.kt","app/src/androidTest/java/com/irlstreamer/reconstruction/SettingsFlowTest.kt","validation/current/040_video_adaptive_floor.png","IMPLEMENTED","","Strict visual threshold failed; inspect per-screen JSON/side-by-side evidence and docs/known-deviations.md."
"041_video_start_camera_menu","F06","Video Start Camera Menu — video start camera menu; 5 interactive elements","evidence/screenshots/041_video_start_camera_menu.png;evidence/ui-xml/041_video_start_camera_menu.xml;screens/screen-specs/041_video_start_camera_menu.json","CONFIRMED","app/src/main/java/com/irlstreamer/reconstruction/ui/components/AuditedDialogs.kt","app/src/androidTest/java/com/irlstreamer/reconstruction/SettingsFlowTest.kt","validation/current/041_video_start_camera_menu.png","IMPLEMENTED","","Strict visual threshold failed; inspect per-screen JSON/side-by-side evidence and docs/known-deviations.md."
"042_video_resolution_menu","F06","Video Resolution Menu — video resolution menu; 7 interactive elements","evidence/screenshots/042_video_resolution_menu.png;evidence/ui-xml/042_video_resolution_menu.xml;screens/screen-specs/042_video_resolution_menu.json","CONFIRMED","app/src/main/java/com/irlstreamer/reconstruction/ui/components/AuditedDialogs.kt","app/src/androidTest/java/com/irlstreamer/reconstruction/SettingsFlowTest.kt","validation/current/042_video_resolution_menu.png","IMPLEMENTED","","Strict visual threshold failed; inspect per-screen JSON/side-by-side evidence and docs/known-deviations.md."
"043_video_resolution_menu_lower","F06","Video Resolution Menu Lower — video resolution menu lower; 7 interactive elements","evidence/screenshots/043_video_resolution_menu_lower.png;evidence/ui-xml/043_video_resolution_menu_lower.xml;screens/screen-specs/043_video_resolution_menu_lower.json","CONFIRMED","app/src/main/java/com/irlstreamer/reconstruction/ui/components/AuditedDialogs.kt","app/src/androidTest/java/com/irlstreamer/reconstruction/SettingsFlowTest.kt","validation/current/043_video_resolution_menu_lower.png","IMPLEMENTED","","Strict visual threshold failed; inspect per-screen JSON/side-by-side evidence and docs/known-deviations.md."
"044_video_fps_menu","F06","Video Fps Menu — video fps menu; 7 interactive elements","evidence/screenshots/044_video_fps_menu.png;evidence/ui-xml/044_video_fps_menu.xml;screens/screen-specs/044_video_fps_menu.json","CONFIRMED","app/src/main/java/com/irlstreamer/reconstruction/ui/components/AuditedDialogs.kt","app/src/androidTest/java/com/irlstreamer/reconstruction/SettingsFlowTest.kt","validation/current/044_video_fps_menu.png","IMPLEMENTED","","Strict visual threshold failed; inspect per-screen JSON/side-by-side evidence and docs/known-deviations.md."
"045_video_fps_menu_middle","F06","Video Fps Menu Middle — video fps menu middle; 7 interactive elements","evidence/screenshots/045_video_fps_menu_middle.png;evidence/ui-xml/045_video_fps_menu_middle.xml;screens/screen-specs/045_video_fps_menu_middle.json","CONFIRMED","app/src/main/java/com/irlstreamer/reconstruction/ui/components/AuditedDialogs.kt","app/src/androidTest/java/com/irlstreamer/reconstruction/SettingsFlowTest.kt","validation/current/045_video_fps_menu_middle.png","IMPLEMENTED","","Strict visual threshold failed; inspect per-screen JSON/side-by-side evidence and docs/known-deviations.md."
"046_video_fps_menu_lower","F06","Video Fps Menu Lower — video fps menu lower; 7 interactive elements","evidence/screenshots/046_video_fps_menu_lower.png;evidence/ui-xml/046_video_fps_menu_lower.xml;screens/screen-specs/046_video_fps_menu_lower.json","CONFIRMED","app/src/main/java/com/irlstreamer/reconstruction/ui/components/AuditedDialogs.kt","app/src/androidTest/java/com/irlstreamer/reconstruction/SettingsFlowTest.kt","validation/current/046_video_fps_menu_lower.png","IMPLEMENTED","","Strict visual threshold failed; inspect per-screen JSON/side-by-side evidence and docs/known-deviations.md."
"047_video_focus_mode_menu","F06","Video Focus Mode Menu — video focus mode menu; 3 interactive elements","evidence/screenshots/047_video_focus_mode_menu.png;evidence/ui-xml/047_video_focus_mode_menu.xml;screens/screen-specs/047_video_focus_mode_menu.json","CONFIRMED","app/src/main/java/com/irlstreamer/reconstruction/ui/components/AuditedDialogs.kt","app/src/androidTest/java/com/irlstreamer/reconstruction/SettingsFlowTest.kt","validation/current/047_video_focus_mode_menu.png","IMPLEMENTED","","Strict visual threshold failed; inspect per-screen JSON/side-by-side evidence and docs/known-deviations.md."
"048_video_white_balance_menu","F06","Video White Balance Menu — video white balance menu; 7 interactive elements","evidence/screenshots/048_video_white_balance_menu.png;evidence/ui-xml/048_video_white_balance_menu.xml;screens/screen-specs/048_video_white_balance_menu.json","CONFIRMED","app/src/main/java/com/irlstreamer/reconstruction/ui/components/AuditedDialogs.kt","app/src/androidTest/java/com/irlstreamer/reconstruction/SettingsFlowTest.kt","validation/current/048_video_white_balance_menu.png","IMPLEMENTED","","Strict visual threshold failed; inspect per-screen JSON/side-by-side evidence and docs/known-deviations.md."
"049_video_antiflicker_menu","F06","Video Antiflicker Menu — video antiflicker menu; 5 interactive elements","evidence/screenshots/049_video_antiflicker_menu.png;evidence/ui-xml/049_video_antiflicker_menu.xml;screens/screen-specs/049_video_antiflicker_menu.json","CONFIRMED","app/src/main/java/com/irlstreamer/reconstruction/ui/components/AuditedDialogs.kt","app/src/androidTest/java/com/irlstreamer/reconstruction/SettingsFlowTest.kt","validation/current/049_video_antiflicker_menu.png","IMPLEMENTED","","Strict visual threshold failed; inspect per-screen JSON/side-by-side evidence and docs/known-deviations.md."
"050_video_exposure_compensation_menu","F06","Video Exposure Compensation Menu — video exposure compensation menu; 7 interactive elements","evidence/screenshots/050_video_exposure_compensation_menu.png;evidence/ui-xml/050_video_exposure_compensation_menu.xml;screens/screen-specs/050_video_exposure_compensation_menu.json","CONFIRMED","app/src/main/java/com/irlstreamer/reconstruction/ui/components/AuditedDialogs.kt","app/src/androidTest/java/com/irlstreamer/reconstruction/SettingsFlowTest.kt","validation/current/050_video_exposure_compensation_menu.png","IMPLEMENTED","","Strict visual threshold failed; inspect per-screen JSON/side-by-side evidence and docs/known-deviations.md."
"051_video_exposure_compensation_menu_scrolled","F06","Video Exposure Compensation Menu Scrolled — video exposure compensation menu scrolled; 7 interactive elements","evidence/screenshots/051_video_exposure_compensation_menu_scrolled.png;evidence/ui-xml/051_video_exposure_compensation_menu_scrolled.xml;screens/screen-specs/051_video_exposure_compensation_menu_scrolled.json","CONFIRMED","app/src/main/java/com/irlstreamer/reconstruction/ui/components/AuditedDialogs.kt","app/src/androidTest/java/com/irlstreamer/reconstruction/SettingsFlowTest.kt","validation/current/051_video_exposure_compensation_menu_scrolled.png","IMPLEMENTED","","Strict visual threshold failed; inspect per-screen JSON/side-by-side evidence and docs/known-deviations.md."
"052_video_exposure_compensation_menu_lower","F06","Video Exposure Compensation Menu Lower — video exposure compensation menu lower; 8 interactive elements","evidence/screenshots/052_video_exposure_compensation_menu_lower.png;evidence/ui-xml/052_video_exposure_compensation_menu_lower.xml;screens/screen-specs/052_video_exposure_compensation_menu_lower.json","CONFIRMED","app/src/main/java/com/irlstreamer/reconstruction/ui/components/AuditedDialogs.kt","app/src/androidTest/java/com/irlstreamer/reconstruction/SettingsFlowTest.kt","validation/current/052_video_exposure_compensation_menu_lower.png","IMPLEMENTED","","Strict visual threshold failed; inspect per-screen JSON/side-by-side evidence and docs/known-deviations.md."
"053_video_exposure_compensation_menu_bottom","F06","Video Exposure Compensation Menu Bottom — video exposure compensation menu bottom; 7 interactive elements","evidence/screenshots/053_video_exposure_compensation_menu_bottom.png;evidence/ui-xml/053_video_exposure_compensation_menu_bottom.xml;screens/screen-specs/053_video_exposure_compensation_menu_bottom.json","CONFIRMED","app/src/main/java/com/irlstreamer/reconstruction/ui/components/AuditedDialogs.kt","app/src/androidTest/java/com/irlstreamer/reconstruction/SettingsFlowTest.kt","validation/current/053_video_exposure_compensation_menu_bottom.png","IMPLEMENTED","","Strict visual threshold failed; inspect per-screen JSON/side-by-side evidence and docs/known-deviations.md."
"054_video_manual_bitrate_enabled","F06","Video parameters — Automatic resolution-matched bitrate temporarily disabled, then restored; 8 interactive elements","evidence/screenshots/054_video_manual_bitrate_enabled.png;evidence/ui-xml/054_video_manual_bitrate_enabled.xml;screens/screen-specs/054_video_manual_bitrate_enabled.json","CONFIRMED","app/src/main/java/com/irlstreamer/reconstruction/ui/settings/SettingsScreen.kt","app/src/androidTest/java/com/irlstreamer/reconstruction/SettingsFlowTest.kt","validation/current/054_video_manual_bitrate_enabled.png","IMPLEMENTED","","Strict visual threshold failed; inspect per-screen JSON/side-by-side evidence and docs/known-deviations.md."
"055_video_bitrate_editor","F06","Video Bitrate Editor — video bitrate editor; 3 interactive elements","evidence/screenshots/055_video_bitrate_editor.png;evidence/ui-xml/055_video_bitrate_editor.xml;screens/screen-specs/055_video_bitrate_editor.json","CONFIRMED","app/src/main/java/com/irlstreamer/reconstruction/ui/components/AuditedDialogs.kt","app/src/androidTest/java/com/irlstreamer/reconstruction/SettingsFlowTest.kt","validation/current/055_video_bitrate_editor.png","IMPLEMENTED","","Strict visual threshold failed; inspect per-screen JSON/side-by-side evidence and docs/known-deviations.md."
"056_video_bitrate_mode_menu","F06","Video Bitrate Mode Menu — video bitrate mode menu; 7 interactive elements","evidence/screenshots/056_video_bitrate_mode_menu.png;evidence/ui-xml/056_video_bitrate_mode_menu.xml;screens/screen-specs/056_video_bitrate_mode_menu.json","CONFIRMED","app/src/main/java/com/irlstreamer/reconstruction/ui/components/AuditedDialogs.kt","app/src/androidTest/java/com/irlstreamer/reconstruction/SettingsFlowTest.kt","validation/current/056_video_bitrate_mode_menu.png","IMPLEMENTED","","Strict visual threshold failed; inspect per-screen JSON/side-by-side evidence and docs/known-deviations.md."
"057_video_keyframe_frequency_menu","F06","Video Keyframe Frequency Menu — video keyframe frequency menu; 3 interactive elements","evidence/screenshots/057_video_keyframe_frequency_menu.png;evidence/ui-xml/057_video_keyframe_frequency_menu.xml;screens/screen-specs/057_video_keyframe_frequency_menu.json","CONFIRMED","app/src/main/java/com/irlstreamer/reconstruction/ui/components/AuditedDialogs.kt","app/src/androidTest/java/com/irlstreamer/reconstruction/SettingsFlowTest.kt","validation/current/057_video_keyframe_frequency_menu.png","IMPLEMENTED","","Strict visual threshold failed; inspect per-screen JSON/side-by-side evidence and docs/known-deviations.md."
"058_video_format_menu","F06","Video Format Menu — video format menu; 4 interactive elements","evidence/screenshots/058_video_format_menu.png;evidence/ui-xml/058_video_format_menu.xml;screens/screen-specs/058_video_format_menu.json","CONFIRMED","app/src/main/java/com/irlstreamer/reconstruction/ui/components/AuditedDialogs.kt","app/src/androidTest/java/com/irlstreamer/reconstruction/SettingsFlowTest.kt","validation/current/058_video_format_menu.png","IMPLEMENTED","","Strict visual threshold failed; inspect per-screen JSON/side-by-side evidence and docs/known-deviations.md."
"059_video_h264_profile_menu","F06","Video H264 Profile Menu — video h264 profile menu; 7 interactive elements","evidence/screenshots/059_video_h264_profile_menu.png;evidence/ui-xml/059_video_h264_profile_menu.xml;screens/screen-specs/059_video_h264_profile_menu.json","CONFIRMED","app/src/main/java/com/irlstreamer/reconstruction/ui/components/AuditedDialogs.kt","app/src/androidTest/java/com/irlstreamer/reconstruction/SettingsFlowTest.kt","validation/current/059_video_h264_profile_menu.png","IMPLEMENTED","","Strict visual threshold failed; inspect per-screen JSON/side-by-side evidence and docs/known-deviations.md."
"060_video_hevc_profile_menu","F06","Video Hevc Profile Menu — video hevc profile menu; 7 interactive elements","evidence/screenshots/060_video_hevc_profile_menu.png;evidence/ui-xml/060_video_hevc_profile_menu.xml;screens/screen-specs/060_video_hevc_profile_menu.json","CONFIRMED","app/src/main/java/com/irlstreamer/reconstruction/ui/components/AuditedDialogs.kt","app/src/androidTest/java/com/irlstreamer/reconstruction/SettingsFlowTest.kt","validation/current/060_video_hevc_profile_menu.png","IMPLEMENTED","","Strict visual threshold failed; inspect per-screen JSON/side-by-side evidence and docs/known-deviations.md."
"061_video_eis_menu","F06","Video Eis Menu — video eis menu; 4 interactive elements","evidence/screenshots/061_video_eis_menu.png;evidence/ui-xml/061_video_eis_menu.xml;screens/screen-specs/061_video_eis_menu.json","CONFIRMED","app/src/main/java/com/irlstreamer/reconstruction/ui/components/AuditedDialogs.kt","app/src/androidTest/java/com/irlstreamer/reconstruction/SettingsFlowTest.kt","validation/current/061_video_eis_menu.png","IMPLEMENTED","","Strict visual threshold failed; inspect per-screen JSON/side-by-side evidence and docs/known-deviations.md."
"062_video_ois_menu","F06","Video Ois Menu — video ois menu; 4 interactive elements","evidence/screenshots/062_video_ois_menu.png;evidence/ui-xml/062_video_ois_menu.xml;screens/screen-specs/062_video_ois_menu.json","CONFIRMED","app/src/main/java/com/irlstreamer/reconstruction/ui/components/AuditedDialogs.kt","app/src/androidTest/java/com/irlstreamer/reconstruction/SettingsFlowTest.kt","validation/current/062_video_ois_menu.png","IMPLEMENTED","","Strict visual threshold failed; inspect per-screen JSON/side-by-side evidence and docs/known-deviations.md."
"063_video_noise_reduction_menu","F06","Video Noise Reduction Menu — video noise reduction menu; 7 interactive elements","evidence/screenshots/063_video_noise_reduction_menu.png;evidence/ui-xml/063_video_noise_reduction_menu.xml;screens/screen-specs/063_video_noise_reduction_menu.json","CONFIRMED","app/src/main/java/com/irlstreamer/reconstruction/ui/components/AuditedDialogs.kt","app/src/androidTest/java/com/irlstreamer/reconstruction/SettingsFlowTest.kt","validation/current/063_video_noise_reduction_menu.png","IMPLEMENTED","","Strict visual threshold failed; inspect per-screen JSON/side-by-side evidence and docs/known-deviations.md."
"064_video_adaptive_bitrate_mode_menu","F06","Video Adaptive Bitrate Mode Menu — video adaptive bitrate mode menu; 7 interactive elements","evidence/screenshots/064_video_adaptive_bitrate_mode_menu.png;evidence/ui-xml/064_video_adaptive_bitrate_mode_menu.xml;screens/screen-specs/064_video_adaptive_bitrate_mode_menu.json","CONFIRMED","app/src/main/java/com/irlstreamer/reconstruction/ui/components/AuditedDialogs.kt","app/src/androidTest/java/com/irlstreamer/reconstruction/SettingsFlowTest.kt","validation/current/064_video_adaptive_bitrate_mode_menu.png","IMPLEMENTED","D001;D004;D011","Strict visual threshold failed; inspect per-screen JSON/side-by-side evidence and docs/known-deviations.md."
"065_audio_settings","F07","Audio Settings — audio settings; 8 interactive elements","evidence/screenshots/065_audio_settings.png;evidence/ui-xml/065_audio_settings.xml;screens/screen-specs/065_audio_settings.json","CONFIRMED","app/src/main/java/com/irlstreamer/reconstruction/ui/settings/SettingsScreen.kt","app/src/androidTest/java/com/irlstreamer/reconstruction/SettingsFlowTest.kt","validation/current/065_audio_settings.png","IMPLEMENTED","","Strict visual threshold failed; inspect per-screen JSON/side-by-side evidence and docs/known-deviations.md."
"066_audio_source_menu","F07","Audio Source Menu — audio source menu; 7 interactive elements","evidence/screenshots/066_audio_source_menu.png;evidence/ui-xml/066_audio_source_menu.xml;screens/screen-specs/066_audio_source_menu.json","CONFIRMED","app/src/main/java/com/irlstreamer/reconstruction/ui/components/AuditedDialogs.kt","app/src/androidTest/java/com/irlstreamer/reconstruction/SettingsFlowTest.kt","validation/current/066_audio_source_menu.png","IMPLEMENTED","","Strict visual threshold failed; inspect per-screen JSON/side-by-side evidence and docs/known-deviations.md."
"067_audio_channels_menu","F07","Audio Channels Menu — audio channels menu; 3 interactive elements","evidence/screenshots/067_audio_channels_menu.png;evidence/ui-xml/067_audio_channels_menu.xml;screens/screen-specs/067_audio_channels_menu.json","CONFIRMED","app/src/main/java/com/irlstreamer/reconstruction/ui/components/AuditedDialogs.kt","app/src/androidTest/java/com/irlstreamer/reconstruction/SettingsFlowTest.kt","validation/current/067_audio_channels_menu.png","IMPLEMENTED","","Strict visual threshold failed; inspect per-screen JSON/side-by-side evidence and docs/known-deviations.md."
"068_audio_bitrate_menu","F07","Audio Bitrate Menu — audio bitrate menu; 7 interactive elements","evidence/screenshots/068_audio_bitrate_menu.png;evidence/ui-xml/068_audio_bitrate_menu.xml;screens/screen-specs/068_audio_bitrate_menu.json","CONFIRMED","app/src/main/java/com/irlstreamer/reconstruction/ui/components/AuditedDialogs.kt","app/src/androidTest/java/com/irlstreamer/reconstruction/SettingsFlowTest.kt","validation/current/068_audio_bitrate_menu.png","IMPLEMENTED","","Strict visual threshold failed; inspect per-screen JSON/side-by-side evidence and docs/known-deviations.md."
"069_audio_bitrate_menu_lower","F07","Audio Bitrate Menu Lower — audio bitrate menu lower; 7 interactive elements","evidence/screenshots/069_audio_bitrate_menu_lower.png;evidence/ui-xml/069_audio_bitrate_menu_lower.xml;screens/screen-specs/069_audio_bitrate_menu_lower.json","CONFIRMED","app/src/main/java/com/irlstreamer/reconstruction/ui/components/AuditedDialogs.kt","app/src/androidTest/java/com/irlstreamer/reconstruction/SettingsFlowTest.kt","validation/current/069_audio_bitrate_menu_lower.png","IMPLEMENTED","","Strict visual threshold failed; inspect per-screen JSON/side-by-side evidence and docs/known-deviations.md."
"070_audio_bitrate_menu_bottom","F07","Audio Bitrate Menu Bottom — audio bitrate menu bottom; 7 interactive elements","evidence/screenshots/070_audio_bitrate_menu_bottom.png;evidence/ui-xml/070_audio_bitrate_menu_bottom.xml;screens/screen-specs/070_audio_bitrate_menu_bottom.json","CONFIRMED","app/src/main/java/com/irlstreamer/reconstruction/ui/components/AuditedDialogs.kt","app/src/androidTest/java/com/irlstreamer/reconstruction/SettingsFlowTest.kt","validation/current/070_audio_bitrate_menu_bottom.png","IMPLEMENTED","","Strict visual threshold failed; inspect per-screen JSON/side-by-side evidence and docs/known-deviations.md."
"071_audio_settings_lower","F07","Audio Settings Lower — audio settings lower; 8 interactive elements","evidence/screenshots/071_audio_settings_lower.png;evidence/ui-xml/071_audio_settings_lower.xml;screens/screen-specs/071_audio_settings_lower.json","CONFIRMED","app/src/main/java/com/irlstreamer/reconstruction/ui/settings/SettingsScreen.kt","app/src/androidTest/java/com/irlstreamer/reconstruction/SettingsFlowTest.kt","validation/current/071_audio_settings_lower.png","IMPLEMENTED","","Strict visual threshold failed; inspect per-screen JSON/side-by-side evidence and docs/known-deviations.md."
"072_audio_sample_rate_menu","F07","Audio Sample Rate Menu — audio sample rate menu; 7 interactive elements","evidence/screenshots/072_audio_sample_rate_menu.png;evidence/ui-xml/072_audio_sample_rate_menu.xml;screens/screen-specs/072_audio_sample_rate_menu.json","CONFIRMED","app/src/main/java/com/irlstreamer/reconstruction/ui/components/AuditedDialogs.kt","app/src/androidTest/java/com/irlstreamer/reconstruction/SettingsFlowTest.kt","validation/current/072_audio_sample_rate_menu.png","IMPLEMENTED","","Strict visual threshold failed; inspect per-screen JSON/side-by-side evidence and docs/known-deviations.md."
"073_audio_sample_rate_menu_top","F07","Audio Sample Rate Menu Top — audio sample rate menu top; 7 interactive elements","evidence/screenshots/073_audio_sample_rate_menu_top.png;evidence/ui-xml/073_audio_sample_rate_menu_top.xml;screens/screen-specs/073_audio_sample_rate_menu_top.json","CONFIRMED","app/src/main/java/com/irlstreamer/reconstruction/ui/components/AuditedDialogs.kt","app/src/androidTest/java/com/irlstreamer/reconstruction/SettingsFlowTest.kt","validation/current/073_audio_sample_rate_menu_top.png","IMPLEMENTED","","Strict visual threshold failed; inspect per-screen JSON/side-by-side evidence and docs/known-deviations.md."
"074_audio_input_gain_maximum","F07","Audio parameters — Input gain temporarily adjusted to +10 dB, then restored to 0 dB; 8 interactive elements","evidence/screenshots/074_audio_input_gain_maximum.png;evidence/ui-xml/074_audio_input_gain_maximum.xml;screens/screen-specs/074_audio_input_gain_maximum.json","CONFIRMED","app/src/main/java/com/irlstreamer/reconstruction/ui/settings/SettingsScreen.kt","app/src/androidTest/java/com/irlstreamer/reconstruction/SettingsFlowTest.kt","validation/current/074_audio_input_gain_maximum.png","IMPLEMENTED","","Strict visual threshold failed; inspect per-screen JSON/side-by-side evidence and docs/known-deviations.md."
"075_audio_processing","F07","Audio Processing — audio processing; 9 interactive elements","evidence/screenshots/075_audio_processing.png;evidence/ui-xml/075_audio_processing.xml;screens/screen-specs/075_audio_processing.json","CONFIRMED","app/src/main/java/com/irlstreamer/reconstruction/ui/settings/SettingsScreen.kt","app/src/androidTest/java/com/irlstreamer/reconstruction/SettingsFlowTest.kt","validation/current/075_audio_processing.png","IMPLEMENTED","","Strict visual threshold failed; inspect per-screen JSON/side-by-side evidence and docs/known-deviations.md."
"076_recording_settings","F08","Recording Settings — recording settings; 9 interactive elements","evidence/screenshots/076_recording_settings.png;evidence/ui-xml/076_recording_settings.xml;screens/screen-specs/076_recording_settings.json","CONFIRMED","app/src/main/java/com/irlstreamer/reconstruction/ui/settings/SettingsScreen.kt","app/src/androidTest/java/com/irlstreamer/reconstruction/SettingsFlowTest.kt","validation/current/076_recording_settings.png","IMPLEMENTED","","Strict visual threshold failed; inspect per-screen JSON/side-by-side evidence and docs/known-deviations.md."
"077_recording_section_duration_editor","F08","Recording Section Duration Editor — recording section duration editor; 3 interactive elements","evidence/screenshots/077_recording_section_duration_editor.png;evidence/ui-xml/077_recording_section_duration_editor.xml;screens/screen-specs/077_recording_section_duration_editor.json","CONFIRMED","app/src/main/java/com/irlstreamer/reconstruction/ui/components/AuditedDialogs.kt","app/src/androidTest/java/com/irlstreamer/reconstruction/SettingsFlowTest.kt","validation/current/077_recording_section_duration_editor.png","IMPLEMENTED","","Strict visual threshold failed; inspect per-screen JSON/side-by-side evidence and docs/known-deviations.md."
"078_recording_settings_lower","F08","Recording Settings Lower — recording settings lower; 7 interactive elements","evidence/screenshots/078_recording_settings_lower.png;evidence/ui-xml/078_recording_settings_lower.xml;screens/screen-specs/078_recording_settings_lower.json","CONFIRMED","app/src/main/java/com/irlstreamer/reconstruction/ui/settings/SettingsScreen.kt","app/src/androidTest/java/com/irlstreamer/reconstruction/SettingsFlowTest.kt","validation/current/078_recording_settings_lower.png","IMPLEMENTED","D001;D004;D011","Strict visual threshold failed; inspect per-screen JSON/side-by-side evidence and docs/known-deviations.md."
"079_recording_snapshot_format_menu","F08","Recording Snapshot Format Menu — recording snapshot format menu; 4 interactive elements","evidence/screenshots/079_recording_snapshot_format_menu.png;evidence/ui-xml/079_recording_snapshot_format_menu.xml;screens/screen-specs/079_recording_snapshot_format_menu.json","CONFIRMED","app/src/main/java/com/irlstreamer/reconstruction/ui/components/AuditedDialogs.kt","app/src/androidTest/java/com/irlstreamer/reconstruction/SettingsFlowTest.kt","validation/current/079_recording_snapshot_format_menu.png","IMPLEMENTED","","Strict visual threshold failed; inspect per-screen JSON/side-by-side evidence and docs/known-deviations.md."
"080_recording_snapshot_quality_editor","F08","Snapshot quality dialog — Quality choices 100/95/90/85; current value 90 retained; 5 interactive elements","evidence/screenshots/080_recording_snapshot_quality_editor.png;evidence/ui-xml/080_recording_snapshot_quality_editor.xml;screens/screen-specs/080_recording_snapshot_quality_editor.json","CONFIRMED","app/src/main/java/com/irlstreamer/reconstruction/ui/components/AuditedDialogs.kt","app/src/androidTest/java/com/irlstreamer/reconstruction/SettingsFlowTest.kt","validation/current/080_recording_snapshot_quality_editor.png","IMPLEMENTED","","Strict visual threshold failed; inspect per-screen JSON/side-by-side evidence and docs/known-deviations.md."
"081_recording_snapshot_quality_menu_lower","F08","Snapshot quality dialog — Same four quality choices; current value 90 retained; 5 interactive elements","evidence/screenshots/081_recording_snapshot_quality_menu_lower.png;evidence/ui-xml/081_recording_snapshot_quality_menu_lower.xml;screens/screen-specs/081_recording_snapshot_quality_menu_lower.json","CONFIRMED","app/src/main/java/com/irlstreamer/reconstruction/ui/components/AuditedDialogs.kt","app/src/androidTest/java/com/irlstreamer/reconstruction/SettingsFlowTest.kt","validation/current/081_recording_snapshot_quality_menu_lower.png","IMPLEMENTED","","Strict visual threshold failed; inspect per-screen JSON/side-by-side evidence and docs/known-deviations.md."
"082_recording_save_to_control","F08","Android folder picker — Storage Access Framework handoff; no destination changed; 16 interactive elements","evidence/screenshots/082_recording_save_to_control.png;evidence/ui-xml/082_recording_save_to_control.xml;screens/screen-specs/082_recording_save_to_control.json","CONFIRMED","app/src/main/java/com/irlstreamer/reconstruction/platform/ExternalIntents.kt","app/src/androidTest/java/com/irlstreamer/reconstruction/SettingsFlowTest.kt","validation/current/082_recording_save_to_control.png","IMPLEMENTED","D007","Strict visual threshold failed; inspect per-screen JSON/side-by-side evidence and docs/known-deviations.md."
"083_display_settings","F09","Display Settings — display settings; 7 interactive elements","evidence/screenshots/083_display_settings.png;evidence/ui-xml/083_display_settings.xml;screens/screen-specs/083_display_settings.json","CONFIRMED","app/src/main/java/com/irlstreamer/reconstruction/ui/settings/SettingsScreen.kt","app/src/androidTest/java/com/irlstreamer/reconstruction/SettingsFlowTest.kt","validation/current/083_display_settings.png","IMPLEMENTED","","Strict visual threshold failed; inspect per-screen JSON/side-by-side evidence and docs/known-deviations.md."
"084_streamer_home_grid_enabled","F09","Live console — 3×3 grid preview; setting restored off; 11 interactive elements","evidence/screenshots/084_streamer_home_grid_enabled.png;evidence/ui-xml/084_streamer_home_grid_enabled.xml;screens/screen-specs/084_streamer_home_grid_enabled.json","CONFIRMED","app/src/main/java/com/irlstreamer/reconstruction/ui/live/LiveConsoleScreen.kt","app/src/androidTest/java/com/irlstreamer/reconstruction/LiveConsoleTest.kt","validation/current/084_streamer_home_grid_enabled.png","IMPLEMENTED","D003;D008;D009","Strict visual threshold failed; inspect per-screen JSON/side-by-side evidence and docs/known-deviations.md."
"085_streamer_home_safe_margins_enabled","F09","Live console — Safe-margin preview; setting restored off; 11 interactive elements","evidence/screenshots/085_streamer_home_safe_margins_enabled.png;evidence/ui-xml/085_streamer_home_safe_margins_enabled.xml;screens/screen-specs/085_streamer_home_safe_margins_enabled.json","CONFIRMED","app/src/main/java/com/irlstreamer/reconstruction/ui/live/LiveConsoleScreen.kt","app/src/androidTest/java/com/irlstreamer/reconstruction/LiveConsoleTest.kt","validation/current/085_streamer_home_safe_margins_enabled.png","IMPLEMENTED","D003;D008;D009","Strict visual threshold failed; inspect per-screen JSON/side-by-side evidence and docs/known-deviations.md."
"086_streamer_home_audio_meter_hidden","F09","Live console — Audio meter hidden; setting restored on; 11 interactive elements","evidence/screenshots/086_streamer_home_audio_meter_hidden.png;evidence/ui-xml/086_streamer_home_audio_meter_hidden.xml;screens/screen-specs/086_streamer_home_audio_meter_hidden.json","CONFIRMED","app/src/main/java/com/irlstreamer/reconstruction/ui/live/LiveConsoleScreen.kt","app/src/androidTest/java/com/irlstreamer/reconstruction/LiveConsoleTest.kt","validation/current/086_streamer_home_audio_meter_hidden.png","IMPLEMENTED","D003;D008;D009","Strict visual threshold failed; inspect per-screen JSON/side-by-side evidence and docs/known-deviations.md."
"087_display_safe_margin_controls","F09","Display Safe Margin Controls — display safe margin controls; 11 interactive elements","evidence/screenshots/087_display_safe_margin_controls.png;evidence/ui-xml/087_display_safe_margin_controls.xml;screens/screen-specs/087_display_safe_margin_controls.json","CONFIRMED","app/src/main/java/com/irlstreamer/reconstruction/ui/settings/SettingsScreen.kt","app/src/androidTest/java/com/irlstreamer/reconstruction/SettingsFlowTest.kt","validation/current/087_display_safe_margin_controls.png","IMPLEMENTED","","Strict visual threshold failed; inspect per-screen JSON/side-by-side evidence and docs/known-deviations.md."
"088_display_safe_margin_ratio_menu","F09","Display Safe Margin Ratio Menu — display safe margin ratio menu; 8 interactive elements","evidence/screenshots/088_display_safe_margin_ratio_menu.png;evidence/ui-xml/088_display_safe_margin_ratio_menu.xml;screens/screen-specs/088_display_safe_margin_ratio_menu.json","CONFIRMED","app/src/main/java/com/irlstreamer/reconstruction/ui/components/AuditedDialogs.kt","app/src/androidTest/java/com/irlstreamer/reconstruction/SettingsFlowTest.kt","validation/current/088_display_safe_margin_ratio_menu.png","IMPLEMENTED","","Strict visual threshold failed; inspect per-screen JSON/side-by-side evidence and docs/known-deviations.md."
"089_display_safe_margin_ratio_menu_lower","F09","Display Safe Margin Ratio Menu Lower — display safe margin ratio menu lower; 8 interactive elements","evidence/screenshots/089_display_safe_margin_ratio_menu_lower.png;evidence/ui-xml/089_display_safe_margin_ratio_menu_lower.xml;screens/screen-specs/089_display_safe_margin_ratio_menu_lower.json","CONFIRMED","app/src/main/java/com/irlstreamer/reconstruction/ui/components/AuditedDialogs.kt","app/src/androidTest/java/com/irlstreamer/reconstruction/SettingsFlowTest.kt","validation/current/089_display_safe_margin_ratio_menu_lower.png","IMPLEMENTED","","Strict visual threshold failed; inspect per-screen JSON/side-by-side evidence and docs/known-deviations.md."
"090_display_safe_margin_indent_maximum","F09","Display Settings — Safe-margin indent temporarily set to 20%; restored to 5%; 11 interactive elements","evidence/screenshots/090_display_safe_margin_indent_maximum.png;evidence/ui-xml/090_display_safe_margin_indent_maximum.xml;screens/screen-specs/090_display_safe_margin_indent_maximum.json","CONFIRMED","app/src/main/java/com/irlstreamer/reconstruction/ui/settings/SettingsScreen.kt","app/src/androidTest/java/com/irlstreamer/reconstruction/SettingsFlowTest.kt","validation/current/090_display_safe_margin_indent_maximum.png","IMPLEMENTED","","Strict visual threshold failed; inspect per-screen JSON/side-by-side evidence and docs/known-deviations.md."
"091_overlays_list","F10","Overlays List — overlays list; 3 interactive elements","evidence/screenshots/091_overlays_list.png;evidence/ui-xml/091_overlays_list.xml;screens/screen-specs/091_overlays_list.json","CONFIRMED","app/src/main/java/com/irlstreamer/reconstruction/ui/settings/SettingsScreen.kt","app/src/androidTest/java/com/irlstreamer/reconstruction/SettingsFlowTest.kt","validation/current/091_overlays_list.png","IMPLEMENTED","","Strict visual threshold failed; inspect per-screen JSON/side-by-side evidence and docs/known-deviations.md."
"092_text_picture_overlays_empty","F10","Text Picture Overlays Empty — text picture overlays empty; 9 interactive elements","evidence/screenshots/092_text_picture_overlays_empty.png;evidence/ui-xml/092_text_picture_overlays_empty.xml;screens/screen-specs/092_text_picture_overlays_empty.json","CONFIRMED","app/src/main/java/com/irlstreamer/reconstruction/ui/settings/SettingsScreen.kt","app/src/androidTest/java/com/irlstreamer/reconstruction/SettingsFlowTest.kt","validation/current/092_text_picture_overlays_empty.png","IMPLEMENTED","","Strict visual threshold failed; inspect per-screen JSON/side-by-side evidence and docs/known-deviations.md."
"093_text_picture_overlay_layers","F10","Text Picture Overlay Layers — text picture overlay layers; 7 interactive elements","evidence/screenshots/093_text_picture_overlay_layers.png;evidence/ui-xml/093_text_picture_overlay_layers.xml;screens/screen-specs/093_text_picture_overlay_layers.json","CONFIRMED","app/src/main/java/com/irlstreamer/reconstruction/ui/settings/SettingsScreen.kt","app/src/androidTest/java/com/irlstreamer/reconstruction/SettingsFlowTest.kt","validation/current/093_text_picture_overlay_layers.png","IMPLEMENTED","","Strict visual threshold failed; inspect per-screen JSON/side-by-side evidence and docs/known-deviations.md."
"094_overlay_timestamp_editor","F10","Text/picture overlay layers — Timestamp checkbox enabled in list; no editor shown; restored off; 7 interactive elements","evidence/screenshots/094_overlay_timestamp_editor.png;evidence/ui-xml/094_overlay_timestamp_editor.xml;screens/screen-specs/094_overlay_timestamp_editor.json","CONFIRMED","app/src/main/java/com/irlstreamer/reconstruction/ui/settings/SettingsScreen.kt","app/src/androidTest/java/com/irlstreamer/reconstruction/SettingsFlowTest.kt","validation/current/094_overlay_timestamp_editor.png","IMPLEMENTED","","Strict visual threshold failed; inspect per-screen JSON/side-by-side evidence and docs/known-deviations.md."
"095_streamer_home_timestamp_overlay","F10","Live console — Built-in Timestamp layer active; restored off; 11 interactive elements","evidence/screenshots/095_streamer_home_timestamp_overlay.png;evidence/ui-xml/095_streamer_home_timestamp_overlay.xml;screens/screen-specs/095_streamer_home_timestamp_overlay.json","CONFIRMED","app/src/main/java/com/irlstreamer/reconstruction/ui/live/LiveConsoleScreen.kt","app/src/androidTest/java/com/irlstreamer/reconstruction/LiveConsoleTest.kt","validation/current/095_streamer_home_timestamp_overlay.png","IMPLEMENTED","D003;D008;D009","Strict visual threshold failed; inspect per-screen JSON/side-by-side evidence and docs/known-deviations.md."
"096_overlay_new_layer_type_menu","F10","Picture overlay editor — New Picture layer default form; draft discarded; 9 interactive elements","evidence/screenshots/096_overlay_new_layer_type_menu.png;evidence/ui-xml/096_overlay_new_layer_type_menu.xml;screens/screen-specs/096_overlay_new_layer_type_menu.json","CONFIRMED","app/src/main/java/com/irlstreamer/reconstruction/ui/settings/SettingsScreen.kt","app/src/androidTest/java/com/irlstreamer/reconstruction/SettingsFlowTest.kt","validation/current/096_overlay_new_layer_type_menu.png","IMPLEMENTED","","Strict visual threshold failed; inspect per-screen JSON/side-by-side evidence and docs/known-deviations.md."
"097_overlay_layer_type_menu","F10","Overlay Layer Type Menu — overlay layer type menu; 3 interactive elements","evidence/screenshots/097_overlay_layer_type_menu.png;evidence/ui-xml/097_overlay_layer_type_menu.xml;screens/screen-specs/097_overlay_layer_type_menu.json","CONFIRMED","app/src/main/java/com/irlstreamer/reconstruction/ui/components/AuditedDialogs.kt","app/src/androidTest/java/com/irlstreamer/reconstruction/SettingsFlowTest.kt","validation/current/097_overlay_layer_type_menu.png","IMPLEMENTED","","Strict visual threshold failed; inspect per-screen JSON/side-by-side evidence and docs/known-deviations.md."
"098_overlay_new_text_layer_form","F10","Overlay New Text Layer Form — overlay new text layer form; 10 interactive elements","evidence/screenshots/098_overlay_new_text_layer_form.png;evidence/ui-xml/098_overlay_new_text_layer_form.xml;screens/screen-specs/098_overlay_new_text_layer_form.json","CONFIRMED","app/src/main/java/com/irlstreamer/reconstruction/ui/settings/SettingsScreen.kt","app/src/androidTest/java/com/irlstreamer/reconstruction/SettingsFlowTest.kt","validation/current/098_overlay_new_text_layer_form.png","IMPLEMENTED","","Strict visual threshold failed; inspect per-screen JSON/side-by-side evidence and docs/known-deviations.md."
"099_overlay_new_text_layer_form_lower","F10","Overlay New Text Layer Form Lower — overlay new text layer form lower; 8 interactive elements","evidence/screenshots/099_overlay_new_text_layer_form_lower.png;evidence/ui-xml/099_overlay_new_text_layer_form_lower.xml;screens/screen-specs/099_overlay_new_text_layer_form_lower.json","CONFIRMED","app/src/main/java/com/irlstreamer/reconstruction/ui/settings/SettingsScreen.kt","app/src/androidTest/java/com/irlstreamer/reconstruction/SettingsFlowTest.kt","validation/current/099_overlay_new_text_layer_form_lower.png","IMPLEMENTED","","Strict visual threshold failed; inspect per-screen JSON/side-by-side evidence and docs/known-deviations.md."
"100_overlay_new_text_layer_form_actions","F10","Overlay New Text Layer Form Actions — overlay new text layer form actions; 6 interactive elements","evidence/screenshots/100_overlay_new_text_layer_form_actions.png;evidence/ui-xml/100_overlay_new_text_layer_form_actions.xml;screens/screen-specs/100_overlay_new_text_layer_form_actions.json","CONFIRMED","app/src/main/java/com/irlstreamer/reconstruction/ui/settings/SettingsScreen.kt","app/src/androidTest/java/com/irlstreamer/reconstruction/SettingsFlowTest.kt","validation/current/100_overlay_new_text_layer_form_actions.png","IMPLEMENTED","","Strict visual threshold failed; inspect per-screen JSON/side-by-side evidence and docs/known-deviations.md."
"101_overlay_blank_save_validation","F10","Text overlay editor — Blank HTML Save validation toast; draft discarded; 6 interactive elements","evidence/screenshots/101_overlay_blank_save_validation.png;evidence/ui-xml/101_overlay_blank_save_validation.xml;screens/screen-specs/101_overlay_blank_save_validation.json","CONFIRMED","app/src/main/java/com/irlstreamer/reconstruction/ui/settings/SettingsScreen.kt","app/src/androidTest/java/com/irlstreamer/reconstruction/SettingsFlowTest.kt","validation/current/101_overlay_blank_save_validation.png","IMPLEMENTED","","Strict visual threshold failed; inspect per-screen JSON/side-by-side evidence and docs/known-deviations.md."
"102_overlay_manage_layers","F10","Overlay Manage Layers — overlay manage layers; 4 interactive elements","evidence/screenshots/102_overlay_manage_layers.png;evidence/ui-xml/102_overlay_manage_layers.xml;screens/screen-specs/102_overlay_manage_layers.json","CONFIRMED","app/src/main/java/com/irlstreamer/reconstruction/ui/settings/SettingsScreen.kt","app/src/androidTest/java/com/irlstreamer/reconstruction/SettingsFlowTest.kt","validation/current/102_overlay_manage_layers.png","IMPLEMENTED","","Strict visual threshold failed; inspect per-screen JSON/side-by-side evidence and docs/known-deviations.md."
"103_overlay_timestamp_edit_form","F10","Overlay Timestamp Edit Form — overlay timestamp edit form; 8 interactive elements","evidence/screenshots/103_overlay_timestamp_edit_form.png;evidence/ui-xml/103_overlay_timestamp_edit_form.xml;screens/screen-specs/103_overlay_timestamp_edit_form.json","CONFIRMED","app/src/main/java/com/irlstreamer/reconstruction/ui/settings/SettingsScreen.kt","app/src/androidTest/java/com/irlstreamer/reconstruction/SettingsFlowTest.kt","validation/current/103_overlay_timestamp_edit_form.png","IMPLEMENTED","","Strict visual threshold failed; inspect per-screen JSON/side-by-side evidence and docs/known-deviations.md."
"104_overlay_timestamp_refresh_controls","F10","Overlay Timestamp Refresh Controls — overlay timestamp refresh controls; 10 interactive elements","evidence/screenshots/104_overlay_timestamp_refresh_controls.png;evidence/ui-xml/104_overlay_timestamp_refresh_controls.xml;screens/screen-specs/104_overlay_timestamp_refresh_controls.json","CONFIRMED","app/src/main/java/com/irlstreamer/reconstruction/ui/settings/SettingsScreen.kt","app/src/androidTest/java/com/irlstreamer/reconstruction/SettingsFlowTest.kt","validation/current/104_overlay_timestamp_refresh_controls.png","IMPLEMENTED","","Strict visual threshold failed; inspect per-screen JSON/side-by-side evidence and docs/known-deviations.md."
"105_overlay_standby_selector","F10","Overlay Standby Selector — overlay standby selector; 3 interactive elements","evidence/screenshots/105_overlay_standby_selector.png;evidence/ui-xml/105_overlay_standby_selector.xml;screens/screen-specs/105_overlay_standby_selector.json","CONFIRMED","app/src/main/java/com/irlstreamer/reconstruction/ui/components/AuditedDialogs.kt","app/src/androidTest/java/com/irlstreamer/reconstruction/SettingsFlowTest.kt","validation/current/105_overlay_standby_selector.png","IMPLEMENTED","","Strict visual threshold failed; inspect per-screen JSON/side-by-side evidence and docs/known-deviations.md."
"106_overlay_pause_selector","F10","Overlay Pause Selector — overlay pause selector; 3 interactive elements","evidence/screenshots/106_overlay_pause_selector.png;evidence/ui-xml/106_overlay_pause_selector.xml;screens/screen-specs/106_overlay_pause_selector.json","CONFIRMED","app/src/main/java/com/irlstreamer/reconstruction/ui/components/AuditedDialogs.kt","app/src/androidTest/java/com/irlstreamer/reconstruction/SettingsFlowTest.kt","validation/current/106_overlay_pause_selector.png","IMPLEMENTED","","Strict visual threshold failed; inspect per-screen JSON/side-by-side evidence and docs/known-deviations.md."
"107_web_overlays_settings","F11","Web Overlays Settings — web overlays settings; 3 interactive elements","evidence/screenshots/107_web_overlays_settings.png;evidence/ui-xml/107_web_overlays_settings.xml;screens/screen-specs/107_web_overlays_settings.json","CONFIRMED","app/src/main/java/com/irlstreamer/reconstruction/ui/settings/SettingsScreen.kt","app/src/androidTest/java/com/irlstreamer/reconstruction/SettingsFlowTest.kt","validation/current/107_web_overlays_settings.png","IMPLEMENTED","","Strict visual threshold failed; inspect per-screen JSON/side-by-side evidence and docs/known-deviations.md."
"108_web_overlay_new_form","F11","Web Overlay New Form — web overlay new form; 7 interactive elements","evidence/screenshots/108_web_overlay_new_form.png;evidence/ui-xml/108_web_overlay_new_form.xml;screens/screen-specs/108_web_overlay_new_form.json","CONFIRMED","app/src/main/java/com/irlstreamer/reconstruction/ui/settings/SettingsScreen.kt","app/src/androidTest/java/com/irlstreamer/reconstruction/SettingsFlowTest.kt","validation/current/108_web_overlay_new_form.png","IMPLEMENTED","","Strict visual threshold failed; inspect per-screen JSON/side-by-side evidence and docs/known-deviations.md."
"109_web_overlay_new_form_lower","F11","Web overlay editor — Lower form with position, z-order, and width; 7 interactive elements","evidence/screenshots/109_web_overlay_new_form_lower.png;evidence/ui-xml/109_web_overlay_new_form_lower.xml;screens/screen-specs/109_web_overlay_new_form_lower.json","CONFIRMED","app/src/main/java/com/irlstreamer/reconstruction/ui/settings/SettingsScreen.kt","app/src/androidTest/java/com/irlstreamer/reconstruction/SettingsFlowTest.kt","validation/current/109_web_overlay_new_form_lower.png","IMPLEMENTED","","Strict visual threshold failed; inspect per-screen JSON/side-by-side evidence and docs/known-deviations.md."
"110_web_overlay_webview_options","F11","Web overlay editor — Bottom form with height, scale, Cancel, and Save; draft discarded; 7 interactive elements","evidence/screenshots/110_web_overlay_webview_options.png;evidence/ui-xml/110_web_overlay_webview_options.xml;screens/screen-specs/110_web_overlay_webview_options.json","CONFIRMED","app/src/main/java/com/irlstreamer/reconstruction/ui/settings/SettingsScreen.kt","app/src/androidTest/java/com/irlstreamer/reconstruction/SettingsFlowTest.kt","validation/current/110_web_overlay_webview_options.png","IMPLEMENTED","","Strict visual threshold failed; inspect per-screen JSON/side-by-side evidence and docs/known-deviations.md."
"111_web_overlay_view_mode_menu","F11","Web Overlay View Mode Menu — web overlay view mode menu; 4 interactive elements","evidence/screenshots/111_web_overlay_view_mode_menu.png;evidence/ui-xml/111_web_overlay_view_mode_menu.xml;screens/screen-specs/111_web_overlay_view_mode_menu.json","CONFIRMED","app/src/main/java/com/irlstreamer/reconstruction/ui/components/AuditedDialogs.kt","app/src/androidTest/java/com/irlstreamer/reconstruction/SettingsFlowTest.kt","validation/current/111_web_overlay_view_mode_menu.png","IMPLEMENTED","","Strict visual threshold failed; inspect per-screen JSON/side-by-side evidence and docs/known-deviations.md."
"112_web_overlay_position_menu","F11","Web Overlay Position Menu — web overlay position menu; 6 interactive elements","evidence/screenshots/112_web_overlay_position_menu.png;evidence/ui-xml/112_web_overlay_position_menu.xml;screens/screen-specs/112_web_overlay_position_menu.json","CONFIRMED","app/src/main/java/com/irlstreamer/reconstruction/ui/components/AuditedDialogs.kt","app/src/androidTest/java/com/irlstreamer/reconstruction/SettingsFlowTest.kt","validation/current/112_web_overlay_position_menu.png","IMPLEMENTED","","Strict visual threshold failed; inspect per-screen JSON/side-by-side evidence and docs/known-deviations.md."
"113_web_overlay_custom_position_fields","F11","Web overlay editor — Custom position selected in unsaved draft; 7 interactive elements","evidence/screenshots/113_web_overlay_custom_position_fields.png;evidence/ui-xml/113_web_overlay_custom_position_fields.xml;screens/screen-specs/113_web_overlay_custom_position_fields.json","CONFIRMED","app/src/main/java/com/irlstreamer/reconstruction/ui/settings/SettingsScreen.kt","app/src/androidTest/java/com/irlstreamer/reconstruction/SettingsFlowTest.kt","validation/current/113_web_overlay_custom_position_fields.png","IMPLEMENTED","","Strict visual threshold failed; inspect per-screen JSON/side-by-side evidence and docs/known-deviations.md."
"114_web_overlay_custom_position_coordinates","F11","Web overlay editor — Custom right/bottom coordinates inherited from prior bottom-right selection; draft discarded; 8 interactive elements","evidence/screenshots/114_web_overlay_custom_position_coordinates.png;evidence/ui-xml/114_web_overlay_custom_position_coordinates.xml;screens/screen-specs/114_web_overlay_custom_position_coordinates.json","CONFIRMED","app/src/main/java/com/irlstreamer/reconstruction/ui/settings/SettingsScreen.kt","app/src/androidTest/java/com/irlstreamer/reconstruction/SettingsFlowTest.kt","validation/current/114_web_overlay_custom_position_coordinates.png","IMPLEMENTED","","Strict visual threshold failed; inspect per-screen JSON/side-by-side evidence and docs/known-deviations.md."
"115_web_overlay_manage_empty","F11","Web Overlay Manage Empty — web overlay manage empty; 3 interactive elements","evidence/screenshots/115_web_overlay_manage_empty.png;evidence/ui-xml/115_web_overlay_manage_empty.xml;screens/screen-specs/115_web_overlay_manage_empty.json","CONFIRMED","app/src/main/java/com/irlstreamer/reconstruction/ui/settings/SettingsScreen.kt","app/src/androidTest/java/com/irlstreamer/reconstruction/SettingsFlowTest.kt","validation/current/115_web_overlay_manage_empty.png","IMPLEMENTED","","Strict visual threshold failed; inspect per-screen JSON/side-by-side evidence and docs/known-deviations.md."
"116_import_export_settings","F12","Import Export Settings — import export settings; 5 interactive elements","evidence/screenshots/116_import_export_settings.png;evidence/ui-xml/116_import_export_settings.xml;screens/screen-specs/116_import_export_settings.json","CONFIRMED","app/src/main/java/com/irlstreamer/reconstruction/ui/settings/SettingsScreen.kt","app/src/androidTest/java/com/irlstreamer/reconstruction/SettingsFlowTest.kt","validation/current/116_import_export_settings.png","IMPLEMENTED","","Strict visual threshold failed; inspect per-screen JSON/side-by-side evidence and docs/known-deviations.md."
"117_import_settings_file_picker","F12","Import settings — larix:// text-entry dialog; filename is a legacy capture label, not a file picker; 3 interactive elements","evidence/screenshots/117_import_settings_file_picker.png;evidence/ui-xml/117_import_settings_file_picker.xml;screens/screen-specs/117_import_settings_file_picker.json","CONFIRMED","app/src/main/java/com/irlstreamer/reconstruction/ui/components/AuditedDialogs.kt","app/src/androidTest/java/com/irlstreamer/reconstruction/SettingsFlowTest.kt","validation/current/117_import_settings_file_picker.png","IMPLEMENTED","","Strict visual threshold failed; inspect per-screen JSON/side-by-side evidence and docs/known-deviations.md."
"118_import_scan_qr_handoff","F12","QR scanner dependency — Install Barcode Scanner prompt; declined; 2 interactive elements","evidence/screenshots/118_import_scan_qr_handoff.png;evidence/ui-xml/118_import_scan_qr_handoff.xml;screens/screen-specs/118_import_scan_qr_handoff.json","CONFIRMED","app/src/main/java/com/irlstreamer/reconstruction/ui/components/AuditedDialogs.kt","app/src/androidTest/java/com/irlstreamer/reconstruction/SettingsFlowTest.kt","validation/current/118_import_scan_qr_handoff.png","IMPLEMENTED","","Strict visual threshold failed; inspect per-screen JSON/side-by-side evidence and docs/known-deviations.md."
"119_settings_root_lower","F02","Settings Root Lower — settings root lower; 8 interactive elements","evidence/screenshots/119_settings_root_lower.png;evidence/ui-xml/119_settings_root_lower.xml;screens/screen-specs/119_settings_root_lower.json","CONFIRMED","app/src/main/java/com/irlstreamer/reconstruction/ui/settings/SettingsScreen.kt","app/src/androidTest/java/com/irlstreamer/reconstruction/SettingsFlowTest.kt","validation/current/119_settings_root_lower.png","IMPLEMENTED","","Strict visual threshold failed; inspect per-screen JSON/side-by-side evidence and docs/known-deviations.md."
"120_advanced_options","F13","Advanced Options — advanced options; 10 interactive elements","evidence/screenshots/120_advanced_options.png;evidence/ui-xml/120_advanced_options.xml;screens/screen-specs/120_advanced_options.json","CONFIRMED","app/src/main/java/com/irlstreamer/reconstruction/ui/settings/SettingsScreen.kt","app/src/androidTest/java/com/irlstreamer/reconstruction/SettingsFlowTest.kt","validation/current/120_advanced_options.png","IMPLEMENTED","","Strict visual threshold failed; inspect per-screen JSON/side-by-side evidence and docs/known-deviations.md."
"121_advanced_options_mid","F13","Advanced Options Mid — advanced options mid; 8 interactive elements","evidence/screenshots/121_advanced_options_mid.png;evidence/ui-xml/121_advanced_options_mid.xml;screens/screen-specs/121_advanced_options_mid.json","CONFIRMED","app/src/main/java/com/irlstreamer/reconstruction/ui/settings/SettingsScreen.kt","app/src/androidTest/java/com/irlstreamer/reconstruction/SettingsFlowTest.kt","validation/current/121_advanced_options_mid.png","IMPLEMENTED","","Strict visual threshold failed; inspect per-screen JSON/side-by-side evidence and docs/known-deviations.md."
"122_advanced_options_lower","F13","Advanced Options Lower — advanced options lower; 8 interactive elements","evidence/screenshots/122_advanced_options_lower.png;evidence/ui-xml/122_advanced_options_lower.xml;screens/screen-specs/122_advanced_options_lower.json","CONFIRMED","app/src/main/java/com/irlstreamer/reconstruction/ui/settings/SettingsScreen.kt","app/src/androidTest/java/com/irlstreamer/reconstruction/SettingsFlowTest.kt","validation/current/122_advanced_options_lower.png","IMPLEMENTED","","Strict visual threshold failed; inspect per-screen JSON/side-by-side evidence and docs/known-deviations.md."
"123_advanced_options_bottom","F13","Advanced Options Bottom — advanced options bottom; 8 interactive elements","evidence/screenshots/123_advanced_options_bottom.png;evidence/ui-xml/123_advanced_options_bottom.xml;screens/screen-specs/123_advanced_options_bottom.json","CONFIRMED","app/src/main/java/com/irlstreamer/reconstruction/ui/settings/SettingsScreen.kt","app/src/androidTest/java/com/irlstreamer/reconstruction/SettingsFlowTest.kt","validation/current/123_advanced_options_bottom.png","IMPLEMENTED","D001;D004;D011","Strict visual threshold failed; inspect per-screen JSON/side-by-side evidence and docs/known-deviations.md."
"124_advanced_webviews","F13","Advanced Webviews — advanced webviews; 8 interactive elements","evidence/screenshots/124_advanced_webviews.png;evidence/ui-xml/124_advanced_webviews.xml;screens/screen-specs/124_advanced_webviews.json","CONFIRMED","app/src/main/java/com/irlstreamer/reconstruction/ui/settings/SettingsScreen.kt","app/src/androidTest/java/com/irlstreamer/reconstruction/SettingsFlowTest.kt","validation/current/124_advanced_webviews.png","IMPLEMENTED","","Strict visual threshold failed; inspect per-screen JSON/side-by-side evidence and docs/known-deviations.md."
"125_advanced_bottommost","F13","Advanced Bottommost — advanced bottommost; 8 interactive elements","evidence/screenshots/125_advanced_bottommost.png;evidence/ui-xml/125_advanced_bottommost.xml;screens/screen-specs/125_advanced_bottommost.json","CONFIRMED","app/src/main/java/com/irlstreamer/reconstruction/ui/settings/SettingsScreen.kt","app/src/androidTest/java/com/irlstreamer/reconstruction/SettingsFlowTest.kt","validation/current/125_advanced_bottommost.png","IMPLEMENTED","","Strict visual threshold failed; inspect per-screen JSON/side-by-side evidence and docs/known-deviations.md."
"126_preferred_camera_api_dialog","F13","Advanced Options — Preferred camera API row is disabled on this device; no dialog opened; 7 interactive elements","evidence/screenshots/126_preferred_camera_api_dialog.png;evidence/ui-xml/126_preferred_camera_api_dialog.xml;screens/screen-specs/126_preferred_camera_api_dialog.json","CONFIRMED","app/src/main/java/com/irlstreamer/reconstruction/ui/settings/SettingsScreen.kt","app/src/androidTest/java/com/irlstreamer/reconstruction/SettingsFlowTest.kt","validation/current/126_preferred_camera_api_dialog.png","IMPLEMENTED","","Strict visual threshold failed; inspect per-screen JSON/side-by-side evidence and docs/known-deviations.md."
"127_volume_keys_dialog","F13","Volume Keys Dialog — volume keys dialog; 5 interactive elements","evidence/screenshots/127_volume_keys_dialog.png;evidence/ui-xml/127_volume_keys_dialog.xml;screens/screen-specs/127_volume_keys_dialog.json","CONFIRMED","app/src/main/java/com/irlstreamer/reconstruction/ui/components/AuditedDialogs.kt","app/src/androidTest/java/com/irlstreamer/reconstruction/SettingsFlowTest.kt","validation/current/127_volume_keys_dialog.png","IMPLEMENTED","","Strict visual threshold failed; inspect per-screen JSON/side-by-side evidence and docs/known-deviations.md."
"128_help_support","F14","Help Support — help support; 5 interactive elements","evidence/screenshots/128_help_support.png;evidence/ui-xml/128_help_support.xml;screens/screen-specs/128_help_support.json","CONFIRMED","app/src/main/java/com/irlstreamer/reconstruction/ui/settings/SettingsScreen.kt","app/src/androidTest/java/com/irlstreamer/reconstruction/SettingsFlowTest.kt","validation/current/128_help_support.png","IMPLEMENTED","D001;D004;D011","Strict visual threshold failed; inspect per-screen JSON/side-by-side evidence and docs/known-deviations.md."
"129_about_irl_pro","F14","About Irl Pro — about irl pro; 1 interactive elements","evidence/screenshots/129_about_irl_pro.png;evidence/ui-xml/129_about_irl_pro.xml;screens/screen-specs/129_about_irl_pro.json","CONFIRMED","app/src/main/java/com/irlstreamer/reconstruction/ui/components/AuditedDialogs.kt","app/src/androidTest/java/com/irlstreamer/reconstruction/SettingsFlowTest.kt","validation/current/129_about_irl_pro.png","IMPLEMENTED","D001;D004;D011","Strict visual threshold failed; inspect per-screen JSON/side-by-side evidence and docs/known-deviations.md."
"130_live_console_overflow","F15","Live-console quick settings — Camera tab, upper controls; 24 interactive elements","evidence/screenshots/130_live_console_overflow.png;evidence/ui-xml/130_live_console_overflow.xml;screens/screen-specs/130_live_console_overflow.json","CONFIRMED","app/src/main/java/com/irlstreamer/reconstruction/ui/live/QuickSettingsPanel.kt","app/src/androidTest/java/com/irlstreamer/reconstruction/LiveConsoleTest.kt","validation/current/130_live_console_overflow.png","IMPLEMENTED","D003;D008;D009","Strict visual threshold failed; inspect per-screen JSON/side-by-side evidence and docs/known-deviations.md."
"131_live_console_camera_lower","F15","Live-console quick settings — Camera tab, lower controls; 24 interactive elements","evidence/screenshots/131_live_console_camera_lower.png;evidence/ui-xml/131_live_console_camera_lower.xml;screens/screen-specs/131_live_console_camera_lower.json","CONFIRMED","app/src/main/java/com/irlstreamer/reconstruction/ui/live/QuickSettingsPanel.kt","app/src/androidTest/java/com/irlstreamer/reconstruction/LiveConsoleTest.kt","validation/current/131_live_console_camera_lower.png","IMPLEMENTED","D003;D008;D009","Strict visual threshold failed; inspect per-screen JSON/side-by-side evidence and docs/known-deviations.md."
"132_live_console_network","F04;F15","Live-console quick settings — Network tab, bitrate controls; 19 interactive elements","evidence/screenshots/132_live_console_network.png;evidence/ui-xml/132_live_console_network.xml;screens/screen-specs/132_live_console_network.json","CONFIRMED","app/src/main/java/com/irlstreamer/reconstruction/ui/live/QuickSettingsPanel.kt","app/src/androidTest/java/com/irlstreamer/reconstruction/LiveConsoleTest.kt","validation/current/132_live_console_network.png","IMPLEMENTED","D003;D008;D009","Strict visual threshold failed; inspect per-screen JSON/side-by-side evidence and docs/known-deviations.md."
"133_live_console_network_lower","F04;F15","Live-console quick settings — Network tab, bonding controls; 22 interactive elements","evidence/screenshots/133_live_console_network_lower.png;evidence/ui-xml/133_live_console_network_lower.xml;screens/screen-specs/133_live_console_network_lower.json","CONFIRMED","app/src/main/java/com/irlstreamer/reconstruction/ui/live/QuickSettingsPanel.kt","app/src/androidTest/java/com/irlstreamer/reconstruction/LiveConsoleTest.kt","validation/current/133_live_console_network_lower.png","IMPLEMENTED","D003;D008;D009","Strict visual threshold failed; inspect per-screen JSON/side-by-side evidence and docs/known-deviations.md."
"134_live_console_network_stats","F04;F15","Live-console quick settings — Network tab at bottom; idle Stats section; 22 interactive elements","evidence/screenshots/134_live_console_network_stats.png;evidence/ui-xml/134_live_console_network_stats.xml;screens/screen-specs/134_live_console_network_stats.json","CONFIRMED","app/src/main/java/com/irlstreamer/reconstruction/ui/live/QuickSettingsPanel.kt","app/src/androidTest/java/com/irlstreamer/reconstruction/LiveConsoleTest.kt","validation/current/134_live_console_network_stats.png","IMPLEMENTED","D003;D008;D009","Strict visual threshold failed; inspect per-screen JSON/side-by-side evidence and docs/known-deviations.md."
"135_live_console_display","F15","Live-console quick settings — Display tab; 19 interactive elements","evidence/screenshots/135_live_console_display.png;evidence/ui-xml/135_live_console_display.xml;screens/screen-specs/135_live_console_display.json","CONFIRMED","app/src/main/java/com/irlstreamer/reconstruction/ui/live/QuickSettingsPanel.kt","app/src/androidTest/java/com/irlstreamer/reconstruction/LiveConsoleTest.kt","validation/current/135_live_console_display.png","IMPLEMENTED","D003;D008;D009","Strict visual threshold failed; inspect per-screen JSON/side-by-side evidence and docs/known-deviations.md."
"136_live_console_overlays","F15","Live-console quick settings — Overlays tab; Timestamp inactive; 18 interactive elements","evidence/screenshots/136_live_console_overlays.png;evidence/ui-xml/136_live_console_overlays.xml;screens/screen-specs/136_live_console_overlays.json","CONFIRMED","app/src/main/java/com/irlstreamer/reconstruction/ui/live/QuickSettingsPanel.kt","app/src/androidTest/java/com/irlstreamer/reconstruction/LiveConsoleTest.kt","validation/current/136_live_console_overlays.png","IMPLEMENTED","D003;D008;D009","Strict visual threshold failed; inspect per-screen JSON/side-by-side evidence and docs/known-deviations.md."
"137_live_console_audio","F07;F15","Live-console quick settings — Audio tab; input gain 0 dB; 18 interactive elements","evidence/screenshots/137_live_console_audio.png;evidence/ui-xml/137_live_console_audio.xml;screens/screen-specs/137_live_console_audio.json","CONFIRMED","app/src/main/java/com/irlstreamer/reconstruction/ui/live/QuickSettingsPanel.kt","app/src/androidTest/java/com/irlstreamer/reconstruction/LiveConsoleTest.kt","validation/current/137_live_console_audio.png","IMPLEMENTED","D003;D008;D009","Strict visual threshold failed; inspect per-screen JSON/side-by-side evidence and docs/known-deviations.md."
"138_live_console_log","F15","Live-console quick settings — Log tab; idle capture pipeline diagnostics; 17 interactive elements","evidence/screenshots/138_live_console_log.png;evidence/ui-xml/138_live_console_log.xml;screens/screen-specs/138_live_console_log.json","CONFIRMED","app/src/main/java/com/irlstreamer/reconstruction/ui/live/QuickSettingsPanel.kt","app/src/androidTest/java/com/irlstreamer/reconstruction/LiveConsoleTest.kt","validation/current/138_live_console_log.png","IMPLEMENTED","D003;D008;D009","Strict visual threshold failed; inspect per-screen JSON/side-by-side evidence and docs/known-deviations.md."
"139_live_console_microphone_muted","F15","Live console — Microphone muted; restored unmuted; 11 interactive elements","evidence/screenshots/139_live_console_microphone_muted.png;evidence/ui-xml/139_live_console_microphone_muted.xml;screens/screen-specs/139_live_console_microphone_muted.json","CONFIRMED","app/src/main/java/com/irlstreamer/reconstruction/ui/live/LiveConsoleScreen.kt","app/src/androidTest/java/com/irlstreamer/reconstruction/LiveConsoleTest.kt","validation/current/139_live_console_microphone_muted.png","IMPLEMENTED","D003;D008;D009;D005;D010;D012","Strict visual threshold failed; inspect per-screen JSON/side-by-side evidence and docs/known-deviations.md."
"140_live_console_front_camera","F15","Live console — 67° front camera selected; restored to 73° rear; 11 interactive elements","evidence/screenshots/140_live_console_front_camera.png;evidence/ui-xml/140_live_console_front_camera.xml;screens/screen-specs/140_live_console_front_camera.json","CONFIRMED","app/src/main/java/com/irlstreamer/reconstruction/ui/live/LiveConsoleScreen.kt","app/src/androidTest/java/com/irlstreamer/reconstruction/LiveConsoleTest.kt","validation/current/140_live_console_front_camera.png","IMPLEMENTED","D003;D008;D009;D005;D010;D012","Strict visual threshold failed; inspect per-screen JSON/side-by-side evidence and docs/known-deviations.md."
"141_live_console_rear_ultrawide","F15","Live console — 103° rear camera selected; restored to 73° rear; 11 interactive elements","evidence/screenshots/141_live_console_rear_ultrawide.png;evidence/ui-xml/141_live_console_rear_ultrawide.xml;screens/screen-specs/141_live_console_rear_ultrawide.json","CONFIRMED","app/src/main/java/com/irlstreamer/reconstruction/ui/live/LiveConsoleScreen.kt","app/src/androidTest/java/com/irlstreamer/reconstruction/LiveConsoleTest.kt","validation/current/141_live_console_rear_ultrawide.png","IMPLEMENTED","D003;D008;D009;D005;D010;D012","Strict visual threshold failed; inspect per-screen JSON/side-by-side evidence and docs/known-deviations.md."
"142_start_without_connection","F05;F15","Start Broadcast dialog — No active connections validation; 2 interactive elements","evidence/screenshots/142_start_without_connection.png;evidence/ui-xml/142_start_without_connection.xml;screens/screen-specs/142_start_without_connection.json","CONFIRMED","app/src/main/java/com/irlstreamer/reconstruction/ui/components/AuditedDialogs.kt","app/src/androidTest/java/com/irlstreamer/reconstruction/SettingsFlowTest.kt","validation/current/142_start_without_connection.png","IMPLEMENTED","D005;D010;D012","Strict visual threshold failed; inspect per-screen JSON/side-by-side evidence and docs/known-deviations.md."
"143_live_console_refresh","F11;F15","Live console — Reload-chat-and-web-overlays toast; 11 interactive elements","evidence/screenshots/143_live_console_refresh.png;evidence/ui-xml/143_live_console_refresh.xml;screens/screen-specs/143_live_console_refresh.json","CONFIRMED","app/src/main/java/com/irlstreamer/reconstruction/ui/live/LiveConsoleScreen.kt","app/src/androidTest/java/com/irlstreamer/reconstruction/LiveConsoleTest.kt","validation/current/143_live_console_refresh.png","IMPLEMENTED","D003;D008;D009;D005;D010;D012","Strict visual threshold failed; inspect per-screen JSON/side-by-side evidence and docs/known-deviations.md."
"144_cold_launch_loaded","F01","Live console — Settled state after true force-stop cold launch; 11 interactive elements","evidence/screenshots/144_cold_launch_loaded.png;evidence/ui-xml/144_cold_launch_loaded.xml;screens/screen-specs/144_cold_launch_loaded.json","CONFIRMED","app/src/main/java/com/irlstreamer/reconstruction/ui/live/LiveConsoleScreen.kt","app/src/androidTest/java/com/irlstreamer/reconstruction/LiveConsoleTest.kt","validation/current/144_cold_launch_loaded.png","IMPLEMENTED","D003;D008;D009;D005;D010;D012","Strict visual threshold failed; inspect per-screen JSON/side-by-side evidence and docs/known-deviations.md."
"145_background_resume_loaded","F01","Live console — Settled state after Home/background and hot resume; 11 interactive elements","evidence/screenshots/145_background_resume_loaded.png;evidence/ui-xml/145_background_resume_loaded.xml;screens/screen-specs/145_background_resume_loaded.json","CONFIRMED","app/src/main/java/com/irlstreamer/reconstruction/ui/live/LiveConsoleScreen.kt","app/src/androidTest/java/com/irlstreamer/reconstruction/LiveConsoleTest.kt","validation/current/145_background_resume_loaded.png","IMPLEMENTED","D003;D008;D009;D005;D010;D012","Strict visual threshold failed; inspect per-screen JSON/side-by-side evidence and docs/known-deviations.md."
