"audit_screen_id","screen_name","state_name","surface_type","status","implementation_target","unit_test","ui_test","visual_validation","notes"
"001_streamer_home_default","Live console","Idle rear-camera preview; defaults","live_console_state","IMPLEMENTED","app/src/main/java/com/irlstreamer/reconstruction/ui/live/LiveConsoleScreen.kt","PASS_CATALOG_MAPPING","PASS_REPRESENTATIVE_FLOW","FAIL_SSIM_0.617186","Rendered and captured on emulator-5554; strict SSIM 0.985 not met; see validation/results and known deviations."
"002_settings_root","Settings Root","settings root","settings_screen","IMPLEMENTED","app/src/main/java/com/irlstreamer/reconstruction/ui/settings/SettingsScreen.kt","PASS_CATALOG_MAPPING","PASS_REPRESENTATIVE_FLOW","FAIL_SSIM_0.898560","Rendered and captured on emulator-5554; strict SSIM 0.985 not met; see validation/results and known deviations."
"003_settings_root_scrolled","Settings Root Scrolled","settings root scrolled","settings_screen","IMPLEMENTED","app/src/main/java/com/irlstreamer/reconstruction/ui/settings/SettingsScreen.kt","PASS_CATALOG_MAPPING","PASS_REPRESENTATIVE_FLOW","FAIL_SSIM_0.910492","Rendered and captured on emulator-5554; strict SSIM 0.985 not met; see validation/results and known deviations."
"004_settings_root_bottom","Settings Root Bottom","settings root bottom","settings_screen","IMPLEMENTED","app/src/main/java/com/irlstreamer/reconstruction/ui/settings/SettingsScreen.kt","PASS_CATALOG_MAPPING","PASS_REPRESENTATIVE_FLOW","FAIL_SSIM_0.898423","Rendered and captured on emulator-5554; strict SSIM 0.985 not met; see validation/results and known deviations."
"005_settings_root_final","Settings Root Final","settings root final","settings_screen","IMPLEMENTED","app/src/main/java/com/irlstreamer/reconstruction/ui/settings/SettingsScreen.kt","PASS_CATALOG_MAPPING","PASS_REPRESENTATIVE_FLOW","FAIL_SSIM_0.898423","Rendered and captured on emulator-5554; strict SSIM 0.985 not met; see validation/results and known deviations."
"006_streamer_settings","Streamer Settings","streamer settings","settings_screen","IMPLEMENTED","app/src/main/java/com/irlstreamer/reconstruction/ui/settings/SettingsScreen.kt","PASS_CATALOG_MAPPING","PASS_REPRESENTATIVE_FLOW","FAIL_SSIM_0.852213","Rendered and captured on emulator-5554; strict SSIM 0.985 not met; see validation/results and known deviations."
"007_streamer_settings_chat_scrolled","Streamer Settings Chat Scrolled","streamer settings chat scrolled","settings_screen","IMPLEMENTED","app/src/main/java/com/irlstreamer/reconstruction/ui/settings/SettingsScreen.kt","PASS_CATALOG_MAPPING","PASS_REPRESENTATIVE_FLOW","FAIL_SSIM_0.856175","Rendered and captured on emulator-5554; strict SSIM 0.985 not met; see validation/results and known deviations."
"008_streamer_settings_dashboard","Streamer Settings Dashboard","streamer settings dashboard","settings_screen","IMPLEMENTED","app/src/main/java/com/irlstreamer/reconstruction/ui/settings/SettingsScreen.kt","PASS_CATALOG_MAPPING","PASS_REPRESENTATIVE_FLOW","FAIL_SSIM_0.841419","Rendered and captured on emulator-5554; strict SSIM 0.985 not met; see validation/results and known deviations."
"009_streamer_settings_alerts","Streamer Settings Alerts","streamer settings alerts","settings_screen","IMPLEMENTED","app/src/main/java/com/irlstreamer/reconstruction/ui/settings/SettingsScreen.kt","PASS_CATALOG_MAPPING","PASS_REPRESENTATIVE_FLOW","FAIL_SSIM_0.801005","Rendered and captured on emulator-5554; strict SSIM 0.985 not met; see validation/results and known deviations."
"010_streamer_settings_custom_page","Streamer Settings Custom Page","streamer settings custom page","settings_screen","IMPLEMENTED","app/src/main/java/com/irlstreamer/reconstruction/ui/settings/SettingsScreen.kt","PASS_CATALOG_MAPPING","PASS_REPRESENTATIVE_FLOW","FAIL_SSIM_0.806868","Rendered and captured on emulator-5554; strict SSIM 0.985 not met; see validation/results and known deviations."
"011_streamer_settings_final","Streamer Settings Final","streamer settings final","settings_screen","IMPLEMENTED","app/src/main/java/com/irlstreamer/reconstruction/ui/settings/SettingsScreen.kt","PASS_CATALOG_MAPPING","PASS_REPRESENTATIVE_FLOW","FAIL_SSIM_0.806868","Rendered and captured on emulator-5554; strict SSIM 0.985 not met; see validation/results and known deviations."
"012_custom_page_url_dialog","Custom Page Url Dialog","custom page url dialog","dialog","IMPLEMENTED","app/src/main/java/com/irlstreamer/reconstruction/ui/components/AuditedDialogs.kt","PASS_CATALOG_MAPPING","PASS_REPRESENTATIVE_FLOW","FAIL_SSIM_0.806995","Rendered and captured on emulator-5554; strict SSIM 0.985 not met; see validation/results and known deviations."
"013_alert_dashboard_scale_dialog","Alert Dashboard Scale Dialog","alert dashboard scale dialog","dialog","IMPLEMENTED","app/src/main/java/com/irlstreamer/reconstruction/ui/components/AuditedDialogs.kt","PASS_CATALOG_MAPPING","PASS_REPRESENTATIVE_FLOW","FAIL_SSIM_0.799398","Rendered and captured on emulator-5554; strict SSIM 0.985 not met; see validation/results and known deviations."
"014_chat_font_scale_dialog","Chat Font Scale Dialog","chat font scale dialog","dialog","IMPLEMENTED","app/src/main/java/com/irlstreamer/reconstruction/ui/components/AuditedDialogs.kt","PASS_CATALOG_MAPPING","PASS_REPRESENTATIVE_FLOW","FAIL_SSIM_0.823646","Rendered and captured on emulator-5554; strict SSIM 0.985 not met; see validation/results and known deviations."
"015_streamer_platform_icons_enabled","Streamer options","Platform-icons switch temporarily enabled, then restored","settings_screen","IMPLEMENTED","app/src/main/java/com/irlstreamer/reconstruction/ui/settings/SettingsScreen.kt","PASS_CATALOG_MAPPING","PASS_REPRESENTATIVE_FLOW","FAIL_SSIM_0.830780","Rendered and captured on emulator-5554; strict SSIM 0.985 not met; see validation/results and known deviations."
"016_bonding_settings","Bonding Settings","bonding settings","settings_screen","IMPLEMENTED","app/src/main/java/com/irlstreamer/reconstruction/ui/settings/SettingsScreen.kt","PASS_CATALOG_MAPPING","PASS_REPRESENTATIVE_FLOW","FAIL_SSIM_0.784620","Rendered and captured on emulator-5554; strict SSIM 0.985 not met; see validation/results and known deviations."
"017_bonding_mode_controls","Bonding Mode Controls","bonding mode controls","settings_screen","IMPLEMENTED","app/src/main/java/com/irlstreamer/reconstruction/ui/settings/SettingsScreen.kt","PASS_CATALOG_MAPPING","PASS_REPRESENTATIVE_FLOW","FAIL_SSIM_0.801844","Rendered and captured on emulator-5554; strict SSIM 0.985 not met; see validation/results and known deviations."
"018_bonding_link_weights","Bonding Link Weights","bonding link weights","settings_screen","IMPLEMENTED","app/src/main/java/com/irlstreamer/reconstruction/ui/settings/SettingsScreen.kt","PASS_CATALOG_MAPPING","PASS_REPRESENTATIVE_FLOW","FAIL_SSIM_0.844013","Rendered and captured on emulator-5554; strict SSIM 0.985 not met; see validation/results and known deviations."
"019_bonding_link_weights_lower","Bonding Link Weights Lower","bonding link weights lower","settings_screen","IMPLEMENTED","app/src/main/java/com/irlstreamer/reconstruction/ui/settings/SettingsScreen.kt","PASS_CATALOG_MAPPING","PASS_REPRESENTATIVE_FLOW","FAIL_SSIM_0.851724","Rendered and captured on emulator-5554; strict SSIM 0.985 not met; see validation/results and known deviations."
"020_bonding_wifi_weight_adjusted","Bonding options","Wi-Fi weight temporarily set to 50, then restored to 100","settings_screen","IMPLEMENTED","app/src/main/java/com/irlstreamer/reconstruction/ui/settings/SettingsScreen.kt","PASS_CATALOG_MAPPING","PASS_REPRESENTATIVE_FLOW","FAIL_SSIM_0.852468","Rendered and captured on emulator-5554; strict SSIM 0.985 not met; see validation/results and known deviations."
"021_connections_list_empty","Connections List Empty","connections list empty","settings_screen","IMPLEMENTED","app/src/main/java/com/irlstreamer/reconstruction/ui/settings/SettingsScreen.kt","PASS_CATALOG_MAPPING","PASS_REPRESENTATIVE_FLOW","FAIL_SSIM_0.897706","Rendered and captured on emulator-5554; strict SSIM 0.985 not met; see validation/results and known deviations."
"022_new_connection_protocol_menu","New outgoing connection","Default empty form; protocol-specific fields appear after a recognized URL is entered","settings_screen","IMPLEMENTED","app/src/main/java/com/irlstreamer/reconstruction/ui/settings/SettingsScreen.kt","PASS_CATALOG_MAPPING","PASS_REPRESENTATIVE_FLOW","FAIL_SSIM_0.852667","Rendered and captured on emulator-5554; strict SSIM 0.985 not met; see validation/results and known deviations."
"023_new_connection_form_bottom","New outgoing connection","Default form, lower actions","settings_screen","IMPLEMENTED","app/src/main/java/com/irlstreamer/reconstruction/ui/settings/SettingsScreen.kt","PASS_CATALOG_MAPPING","PASS_REPRESENTATIVE_FLOW","FAIL_SSIM_0.827378","Rendered and captured on emulator-5554; strict SSIM 0.985 not met; see validation/results and known deviations."
"024_new_connection_invalid_url","New outgoing connection","Incomplete form; URL empty and Save disabled; no record saved","settings_screen","IMPLEMENTED","app/src/main/java/com/irlstreamer/reconstruction/ui/settings/SettingsScreen.kt","PASS_CATALOG_MAPPING","PASS_REPRESENTATIVE_FLOW","FAIL_SSIM_0.817725","Rendered and captured on emulator-5554; strict SSIM 0.985 not met; see validation/results and known deviations."
"025_new_connection_rtmp_fields","New Connection Rtmp Fields","new connection rtmp fields","settings_screen","IMPLEMENTED","app/src/main/java/com/irlstreamer/reconstruction/ui/settings/SettingsScreen.kt","PASS_CATALOG_MAPPING","PASS_REPRESENTATIVE_FLOW","FAIL_SSIM_0.835863","Rendered and captured on emulator-5554; strict SSIM 0.985 not met; see validation/results and known deviations."
"026_new_connection_rtmp_advanced","New Connection Rtmp Advanced","new connection rtmp advanced","settings_screen","IMPLEMENTED","app/src/main/java/com/irlstreamer/reconstruction/ui/settings/SettingsScreen.kt","PASS_CATALOG_MAPPING","PASS_REPRESENTATIVE_FLOW","FAIL_SSIM_0.816555","Rendered and captured on emulator-5554; strict SSIM 0.985 not met; see validation/results and known deviations."
"027_rtmp_target_type_menu","Rtmp Target Type Menu","rtmp target type menu","selection_dialog","IMPLEMENTED","app/src/main/java/com/irlstreamer/reconstruction/ui/components/AuditedDialogs.kt","PASS_CATALOG_MAPPING","PASS_REPRESENTATIVE_FLOW","FAIL_SSIM_0.733065","Rendered and captured on emulator-5554; strict SSIM 0.985 not met; see validation/results and known deviations."
"028_rtmp_authorization_fields","Rtmp Authorization Fields","rtmp authorization fields","settings_screen","IMPLEMENTED","app/src/main/java/com/irlstreamer/reconstruction/ui/settings/SettingsScreen.kt","PASS_CATALOG_MAPPING","PASS_REPRESENTATIVE_FLOW","FAIL_SSIM_0.823477","Rendered and captured on emulator-5554; strict SSIM 0.985 not met; see validation/results and known deviations."
"029_manage_connections_empty","Manage Connections Empty","manage connections empty","settings_screen","IMPLEMENTED","app/src/main/java/com/irlstreamer/reconstruction/ui/settings/SettingsScreen.kt","PASS_CATALOG_MAPPING","PASS_REPRESENTATIVE_FLOW","FAIL_SSIM_0.925710","Rendered and captured on emulator-5554; strict SSIM 0.985 not met; see validation/results and known deviations."
"030_twitch_quick_setup_form","Twitch Quick Setup Form","twitch quick setup form","dialog","IMPLEMENTED","app/src/main/java/com/irlstreamer/reconstruction/ui/components/AuditedDialogs.kt","PASS_CATALOG_MAPPING","PASS_REPRESENTATIVE_FLOW","FAIL_SSIM_0.811017","Rendered and captured on emulator-5554; strict SSIM 0.985 not met; see validation/results and known deviations."
"031_kick_quick_setup_form","Kick Quick Setup Form","kick quick setup form","dialog","IMPLEMENTED","app/src/main/java/com/irlstreamer/reconstruction/ui/components/AuditedDialogs.kt","PASS_CATALOG_MAPPING","PASS_REPRESENTATIVE_FLOW","FAIL_SSIM_0.788264","Rendered and captured on emulator-5554; strict SSIM 0.985 not met; see validation/results and known deviations."
"032_video_settings","Video Settings","video settings","settings_screen","IMPLEMENTED","app/src/main/java/com/irlstreamer/reconstruction/ui/settings/SettingsScreen.kt","PASS_CATALOG_MAPPING","PASS_REPRESENTATIVE_FLOW","FAIL_SSIM_0.892897","Rendered and captured on emulator-5554; strict SSIM 0.985 not met; see validation/results and known deviations."
"033_video_resolution_fps","Video Resolution Fps","video resolution fps","settings_screen","IMPLEMENTED","app/src/main/java/com/irlstreamer/reconstruction/ui/settings/SettingsScreen.kt","PASS_CATALOG_MAPPING","PASS_REPRESENTATIVE_FLOW","FAIL_SSIM_0.888215","Rendered and captured on emulator-5554; strict SSIM 0.985 not met; see validation/results and known deviations."
"034_video_orientation_controls","Video Orientation Controls","video orientation controls","settings_screen","IMPLEMENTED","app/src/main/java/com/irlstreamer/reconstruction/ui/settings/SettingsScreen.kt","PASS_CATALOG_MAPPING","PASS_REPRESENTATIVE_FLOW","FAIL_SSIM_0.870511","Rendered and captured on emulator-5554; strict SSIM 0.985 not met; see validation/results and known deviations."
"035_video_lens_defaults","Video Lens Defaults","video lens defaults","settings_screen","IMPLEMENTED","app/src/main/java/com/irlstreamer/reconstruction/ui/settings/SettingsScreen.kt","PASS_CATALOG_MAPPING","PASS_REPRESENTATIVE_FLOW","FAIL_SSIM_0.866824","Rendered and captured on emulator-5554; strict SSIM 0.985 not met; see validation/results and known deviations."
"036_video_encoder_parameters","Video Encoder Parameters","video encoder parameters","settings_screen","IMPLEMENTED","app/src/main/java/com/irlstreamer/reconstruction/ui/settings/SettingsScreen.kt","PASS_CATALOG_MAPPING","PASS_REPRESENTATIVE_FLOW","FAIL_SSIM_0.893741","Rendered and captured on emulator-5554; strict SSIM 0.985 not met; see validation/results and known deviations."
"037_video_codec_color","Video Codec Color","video codec color","settings_screen","IMPLEMENTED","app/src/main/java/com/irlstreamer/reconstruction/ui/settings/SettingsScreen.kt","PASS_CATALOG_MAPPING","PASS_REPRESENTATIVE_FLOW","FAIL_SSIM_0.859569","Rendered and captured on emulator-5554; strict SSIM 0.985 not met; see validation/results and known deviations."
"038_video_vendor_enhancements","Video Vendor Enhancements","video vendor enhancements","settings_screen","IMPLEMENTED","app/src/main/java/com/irlstreamer/reconstruction/ui/settings/SettingsScreen.kt","PASS_CATALOG_MAPPING","PASS_REPRESENTATIVE_FLOW","FAIL_SSIM_0.856173","Rendered and captured on emulator-5554; strict SSIM 0.985 not met; see validation/results and known deviations."
"039_video_adaptive_bitrate","Video Adaptive Bitrate","video adaptive bitrate","settings_screen","IMPLEMENTED","app/src/main/java/com/irlstreamer/reconstruction/ui/settings/SettingsScreen.kt","PASS_CATALOG_MAPPING","PASS_REPRESENTATIVE_FLOW","FAIL_SSIM_0.863009","Rendered and captured on emulator-5554; strict SSIM 0.985 not met; see validation/results and known deviations."
"040_video_adaptive_floor","Video Adaptive Floor","video adaptive floor","settings_screen","IMPLEMENTED","app/src/main/java/com/irlstreamer/reconstruction/ui/settings/SettingsScreen.kt","PASS_CATALOG_MAPPING","PASS_REPRESENTATIVE_FLOW","FAIL_SSIM_0.863006","Rendered and captured on emulator-5554; strict SSIM 0.985 not met; see validation/results and known deviations."
"041_video_start_camera_menu","Video Start Camera Menu","video start camera menu","selection_dialog","IMPLEMENTED","app/src/main/java/com/irlstreamer/reconstruction/ui/components/AuditedDialogs.kt","PASS_CATALOG_MAPPING","PASS_REPRESENTATIVE_FLOW","FAIL_SSIM_0.844125","Rendered and captured on emulator-5554; strict SSIM 0.985 not met; see validation/results and known deviations."
"042_video_resolution_menu","Video Resolution Menu","video resolution menu","selection_dialog","IMPLEMENTED","app/src/main/java/com/irlstreamer/reconstruction/ui/components/AuditedDialogs.kt","PASS_CATALOG_MAPPING","PASS_REPRESENTATIVE_FLOW","FAIL_SSIM_0.817699","Rendered and captured on emulator-5554; strict SSIM 0.985 not met; see validation/results and known deviations."
"043_video_resolution_menu_lower","Video Resolution Menu Lower","video resolution menu lower","selection_dialog","IMPLEMENTED","app/src/main/java/com/irlstreamer/reconstruction/ui/components/AuditedDialogs.kt","PASS_CATALOG_MAPPING","PASS_REPRESENTATIVE_FLOW","FAIL_SSIM_0.822404","Rendered and captured on emulator-5554; strict SSIM 0.985 not met; see validation/results and known deviations."
"044_video_fps_menu","Video Fps Menu","video fps menu","selection_dialog","IMPLEMENTED","app/src/main/java/com/irlstreamer/reconstruction/ui/components/AuditedDialogs.kt","PASS_CATALOG_MAPPING","PASS_REPRESENTATIVE_FLOW","FAIL_SSIM_0.820274","Rendered and captured on emulator-5554; strict SSIM 0.985 not met; see validation/results and known deviations."
"045_video_fps_menu_middle","Video Fps Menu Middle","video fps menu middle","selection_dialog","IMPLEMENTED","app/src/main/java/com/irlstreamer/reconstruction/ui/components/AuditedDialogs.kt","PASS_CATALOG_MAPPING","PASS_REPRESENTATIVE_FLOW","FAIL_SSIM_0.818284","Rendered and captured on emulator-5554; strict SSIM 0.985 not met; see validation/results and known deviations."
"046_video_fps_menu_lower","Video Fps Menu Lower","video fps menu lower","selection_dialog","IMPLEMENTED","app/src/main/java/com/irlstreamer/reconstruction/ui/components/AuditedDialogs.kt","PASS_CATALOG_MAPPING","PASS_REPRESENTATIVE_FLOW","FAIL_SSIM_0.819819","Rendered and captured on emulator-5554; strict SSIM 0.985 not met; see validation/results and known deviations."
"047_video_focus_mode_menu","Video Focus Mode Menu","video focus mode menu","selection_dialog","IMPLEMENTED","app/src/main/java/com/irlstreamer/reconstruction/ui/components/AuditedDialogs.kt","PASS_CATALOG_MAPPING","PASS_REPRESENTATIVE_FLOW","FAIL_SSIM_0.854437","Rendered and captured on emulator-5554; strict SSIM 0.985 not met; see validation/results and known deviations."
"048_video_white_balance_menu","Video White Balance Menu","video white balance menu","selection_dialog","IMPLEMENTED","app/src/main/java/com/irlstreamer/reconstruction/ui/components/AuditedDialogs.kt","PASS_CATALOG_MAPPING","PASS_REPRESENTATIVE_FLOW","FAIL_SSIM_0.821230","Rendered and captured on emulator-5554; strict SSIM 0.985 not met; see validation/results and known deviations."
"049_video_antiflicker_menu","Video Antiflicker Menu","video antiflicker menu","selection_dialog","IMPLEMENTED","app/src/main/java/com/irlstreamer/reconstruction/ui/components/AuditedDialogs.kt","PASS_CATALOG_MAPPING","PASS_REPRESENTATIVE_FLOW","FAIL_SSIM_0.857001","Rendered and captured on emulator-5554; strict SSIM 0.985 not met; see validation/results and known deviations."
"050_video_exposure_compensation_menu","Video Exposure Compensation Menu","video exposure compensation menu","selection_dialog","IMPLEMENTED","app/src/main/java/com/irlstreamer/reconstruction/ui/components/AuditedDialogs.kt","PASS_CATALOG_MAPPING","PASS_REPRESENTATIVE_FLOW","FAIL_SSIM_0.831007","Rendered and captured on emulator-5554; strict SSIM 0.985 not met; see validation/results and known deviations."
"051_video_exposure_compensation_menu_scrolled","Video Exposure Compensation Menu Scrolled","video exposure compensation menu scrolled","selection_dialog","IMPLEMENTED","app/src/main/java/com/irlstreamer/reconstruction/ui/components/AuditedDialogs.kt","PASS_CATALOG_MAPPING","PASS_REPRESENTATIVE_FLOW","FAIL_SSIM_0.829777","Rendered and captured on emulator-5554; strict SSIM 0.985 not met; see validation/results and known deviations."
"052_video_exposure_compensation_menu_lower","Video Exposure Compensation Menu Lower","video exposure compensation menu lower","selection_dialog","IMPLEMENTED","app/src/main/java/com/irlstreamer/reconstruction/ui/components/AuditedDialogs.kt","PASS_CATALOG_MAPPING","PASS_REPRESENTATIVE_FLOW","FAIL_SSIM_0.832014","Rendered and captured on emulator-5554; strict SSIM 0.985 not met; see validation/results and known deviations."
"053_video_exposure_compensation_menu_bottom","Video Exposure Compensation Menu Bottom","video exposure compensation menu bottom","selection_dialog","IMPLEMENTED","app/src/main/java/com/irlstreamer/reconstruction/ui/components/AuditedDialogs.kt","PASS_CATALOG_MAPPING","PASS_REPRESENTATIVE_FLOW","FAIL_SSIM_0.834421","Rendered and captured on emulator-5554; strict SSIM 0.985 not met; see validation/results and known deviations."
"054_video_manual_bitrate_enabled","Video parameters","Automatic resolution-matched bitrate temporarily disabled, then restored","settings_screen","IMPLEMENTED","app/src/main/java/com/irlstreamer/reconstruction/ui/settings/SettingsScreen.kt","PASS_CATALOG_MAPPING","PASS_REPRESENTATIVE_FLOW","FAIL_SSIM_0.759611","Rendered and captured on emulator-5554; strict SSIM 0.985 not met; see validation/results and known deviations."
"055_video_bitrate_editor","Video Bitrate Editor","video bitrate editor","dialog","IMPLEMENTED","app/src/main/java/com/irlstreamer/reconstruction/ui/components/AuditedDialogs.kt","PASS_CATALOG_MAPPING","PASS_REPRESENTATIVE_FLOW","FAIL_SSIM_0.640961","Rendered and captured on emulator-5554; strict SSIM 0.985 not met; see validation/results and known deviations."
"056_video_bitrate_mode_menu","Video Bitrate Mode Menu","video bitrate mode menu","selection_dialog","IMPLEMENTED","app/src/main/java/com/irlstreamer/reconstruction/ui/components/AuditedDialogs.kt","PASS_CATALOG_MAPPING","PASS_REPRESENTATIVE_FLOW","FAIL_SSIM_0.793570","Rendered and captured on emulator-5554; strict SSIM 0.985 not met; see validation/results and known deviations."
"057_video_keyframe_frequency_menu","Video Keyframe Frequency Menu","video keyframe frequency menu","selection_dialog","IMPLEMENTED","app/src/main/java/com/irlstreamer/reconstruction/ui/components/AuditedDialogs.kt","PASS_CATALOG_MAPPING","PASS_REPRESENTATIVE_FLOW","FAIL_SSIM_0.639773","Rendered and captured on emulator-5554; strict SSIM 0.985 not met; see validation/results and known deviations."
"058_video_format_menu","Video Format Menu","video format menu","selection_dialog","IMPLEMENTED","app/src/main/java/com/irlstreamer/reconstruction/ui/components/AuditedDialogs.kt","PASS_CATALOG_MAPPING","PASS_REPRESENTATIVE_FLOW","FAIL_SSIM_0.860358","Rendered and captured on emulator-5554; strict SSIM 0.985 not met; see validation/results and known deviations."
"059_video_h264_profile_menu","Video H264 Profile Menu","video h264 profile menu","selection_dialog","IMPLEMENTED","app/src/main/java/com/irlstreamer/reconstruction/ui/components/AuditedDialogs.kt","PASS_CATALOG_MAPPING","PASS_REPRESENTATIVE_FLOW","FAIL_SSIM_0.819926","Rendered and captured on emulator-5554; strict SSIM 0.985 not met; see validation/results and known deviations."
"060_video_hevc_profile_menu","Video Hevc Profile Menu","video hevc profile menu","selection_dialog","IMPLEMENTED","app/src/main/java/com/irlstreamer/reconstruction/ui/components/AuditedDialogs.kt","PASS_CATALOG_MAPPING","PASS_REPRESENTATIVE_FLOW","FAIL_SSIM_0.820233","Rendered and captured on emulator-5554; strict SSIM 0.985 not met; see validation/results and known deviations."
"061_video_eis_menu","Video Eis Menu","video eis menu","selection_dialog","IMPLEMENTED","app/src/main/java/com/irlstreamer/reconstruction/ui/components/AuditedDialogs.kt","PASS_CATALOG_MAPPING","PASS_REPRESENTATIVE_FLOW","FAIL_SSIM_0.846617","Rendered and captured on emulator-5554; strict SSIM 0.985 not met; see validation/results and known deviations."
"062_video_ois_menu","Video Ois Menu","video ois menu","selection_dialog","IMPLEMENTED","app/src/main/java/com/irlstreamer/reconstruction/ui/components/AuditedDialogs.kt","PASS_CATALOG_MAPPING","PASS_REPRESENTATIVE_FLOW","FAIL_SSIM_0.848453","Rendered and captured on emulator-5554; strict SSIM 0.985 not met; see validation/results and known deviations."
"063_video_noise_reduction_menu","Video Noise Reduction Menu","video noise reduction menu","selection_dialog","IMPLEMENTED","app/src/main/java/com/irlstreamer/reconstruction/ui/components/AuditedDialogs.kt","PASS_CATALOG_MAPPING","PASS_REPRESENTATIVE_FLOW","FAIL_SSIM_0.826068","Rendered and captured on emulator-5554; strict SSIM 0.985 not met; see validation/results and known deviations."
"064_video_adaptive_bitrate_mode_menu","Video Adaptive Bitrate Mode Menu","video adaptive bitrate mode menu","selection_dialog","IMPLEMENTED","app/src/main/java/com/irlstreamer/reconstruction/ui/components/AuditedDialogs.kt","PASS_CATALOG_MAPPING","PASS_REPRESENTATIVE_FLOW","FAIL_SSIM_0.796907","Rendered and captured on emulator-5554; strict SSIM 0.985 not met; see validation/results and known deviations."
"065_audio_settings","Audio Settings","audio settings","settings_screen","IMPLEMENTED","app/src/main/java/com/irlstreamer/reconstruction/ui/settings/SettingsScreen.kt","PASS_CATALOG_MAPPING","PASS_REPRESENTATIVE_FLOW","FAIL_SSIM_0.880296","Rendered and captured on emulator-5554; strict SSIM 0.985 not met; see validation/results and known deviations."
"066_audio_source_menu","Audio Source Menu","audio source menu","selection_dialog","IMPLEMENTED","app/src/main/java/com/irlstreamer/reconstruction/ui/components/AuditedDialogs.kt","PASS_CATALOG_MAPPING","PASS_REPRESENTATIVE_FLOW","FAIL_SSIM_0.803451","Rendered and captured on emulator-5554; strict SSIM 0.985 not met; see validation/results and known deviations."
"067_audio_channels_menu","Audio Channels Menu","audio channels menu","selection_dialog","IMPLEMENTED","app/src/main/java/com/irlstreamer/reconstruction/ui/components/AuditedDialogs.kt","PASS_CATALOG_MAPPING","PASS_REPRESENTATIVE_FLOW","FAIL_SSIM_0.871866","Rendered and captured on emulator-5554; strict SSIM 0.985 not met; see validation/results and known deviations."
"068_audio_bitrate_menu","Audio Bitrate Menu","audio bitrate menu","selection_dialog","IMPLEMENTED","app/src/main/java/com/irlstreamer/reconstruction/ui/components/AuditedDialogs.kt","PASS_CATALOG_MAPPING","PASS_REPRESENTATIVE_FLOW","FAIL_SSIM_0.837385","Rendered and captured on emulator-5554; strict SSIM 0.985 not met; see validation/results and known deviations."
"069_audio_bitrate_menu_lower","Audio Bitrate Menu Lower","audio bitrate menu lower","selection_dialog","IMPLEMENTED","app/src/main/java/com/irlstreamer/reconstruction/ui/components/AuditedDialogs.kt","PASS_CATALOG_MAPPING","PASS_REPRESENTATIVE_FLOW","FAIL_SSIM_0.832001","Rendered and captured on emulator-5554; strict SSIM 0.985 not met; see validation/results and known deviations."
"070_audio_bitrate_menu_bottom","Audio Bitrate Menu Bottom","audio bitrate menu bottom","selection_dialog","IMPLEMENTED","app/src/main/java/com/irlstreamer/reconstruction/ui/components/AuditedDialogs.kt","PASS_CATALOG_MAPPING","PASS_REPRESENTATIVE_FLOW","FAIL_SSIM_0.834000","Rendered and captured on emulator-5554; strict SSIM 0.985 not met; see validation/results and known deviations."
"071_audio_settings_lower","Audio Settings Lower","audio settings lower","settings_screen","IMPLEMENTED","app/src/main/java/com/irlstreamer/reconstruction/ui/settings/SettingsScreen.kt","PASS_CATALOG_MAPPING","PASS_REPRESENTATIVE_FLOW","FAIL_SSIM_0.839759","Rendered and captured on emulator-5554; strict SSIM 0.985 not met; see validation/results and known deviations."
"072_audio_sample_rate_menu","Audio Sample Rate Menu","audio sample rate menu","selection_dialog","IMPLEMENTED","app/src/main/java/com/irlstreamer/reconstruction/ui/components/AuditedDialogs.kt","PASS_CATALOG_MAPPING","PASS_REPRESENTATIVE_FLOW","FAIL_SSIM_0.827338","Rendered and captured on emulator-5554; strict SSIM 0.985 not met; see validation/results and known deviations."
"073_audio_sample_rate_menu_top","Audio Sample Rate Menu Top","audio sample rate menu top","selection_dialog","IMPLEMENTED","app/src/main/java/com/irlstreamer/reconstruction/ui/components/AuditedDialogs.kt","PASS_CATALOG_MAPPING","PASS_REPRESENTATIVE_FLOW","FAIL_SSIM_0.828681","Rendered and captured on emulator-5554; strict SSIM 0.985 not met; see validation/results and known deviations."
"074_audio_input_gain_maximum","Audio parameters","Input gain temporarily adjusted to +10 dB, then restored to 0 dB","settings_screen","IMPLEMENTED","app/src/main/java/com/irlstreamer/reconstruction/ui/settings/SettingsScreen.kt","PASS_CATALOG_MAPPING","PASS_REPRESENTATIVE_FLOW","FAIL_SSIM_0.836694","Rendered and captured on emulator-5554; strict SSIM 0.985 not met; see validation/results and known deviations."
"075_audio_processing","Audio Processing","audio processing","settings_screen","IMPLEMENTED","app/src/main/java/com/irlstreamer/reconstruction/ui/settings/SettingsScreen.kt","PASS_CATALOG_MAPPING","PASS_REPRESENTATIVE_FLOW","FAIL_SSIM_0.857253","Rendered and captured on emulator-5554; strict SSIM 0.985 not met; see validation/results and known deviations."
"076_recording_settings","Recording Settings","recording settings","settings_screen","IMPLEMENTED","app/src/main/java/com/irlstreamer/reconstruction/ui/settings/SettingsScreen.kt","PASS_CATALOG_MAPPING","PASS_REPRESENTATIVE_FLOW","FAIL_SSIM_0.842842","Rendered and captured on emulator-5554; strict SSIM 0.985 not met; see validation/results and known deviations."
"077_recording_section_duration_editor","Recording Section Duration Editor","recording section duration editor","dialog","IMPLEMENTED","app/src/main/java/com/irlstreamer/reconstruction/ui/components/AuditedDialogs.kt","PASS_CATALOG_MAPPING","PASS_REPRESENTATIVE_FLOW","FAIL_SSIM_0.637325","Rendered and captured on emulator-5554; strict SSIM 0.985 not met; see validation/results and known deviations."
"078_recording_settings_lower","Recording Settings Lower","recording settings lower","settings_screen","IMPLEMENTED","app/src/main/java/com/irlstreamer/reconstruction/ui/settings/SettingsScreen.kt","PASS_CATALOG_MAPPING","PASS_REPRESENTATIVE_FLOW","FAIL_SSIM_0.855823","Rendered and captured on emulator-5554; strict SSIM 0.985 not met; see validation/results and known deviations."
"079_recording_snapshot_format_menu","Recording Snapshot Format Menu","recording snapshot format menu","selection_dialog","IMPLEMENTED","app/src/main/java/com/irlstreamer/reconstruction/ui/components/AuditedDialogs.kt","PASS_CATALOG_MAPPING","PASS_REPRESENTATIVE_FLOW","FAIL_SSIM_0.853112","Rendered and captured on emulator-5554; strict SSIM 0.985 not met; see validation/results and known deviations."
"080_recording_snapshot_quality_editor","Snapshot quality dialog","Quality choices 100/95/90/85; current value 90 retained","dialog","IMPLEMENTED","app/src/main/java/com/irlstreamer/reconstruction/ui/components/AuditedDialogs.kt","PASS_CATALOG_MAPPING","PASS_REPRESENTATIVE_FLOW","FAIL_SSIM_0.857608","Rendered and captured on emulator-5554; strict SSIM 0.985 not met; see validation/results and known deviations."
"081_recording_snapshot_quality_menu_lower","Snapshot quality dialog","Same four quality choices; current value 90 retained","selection_dialog","IMPLEMENTED","app/src/main/java/com/irlstreamer/reconstruction/ui/components/AuditedDialogs.kt","PASS_CATALOG_MAPPING","PASS_REPRESENTATIVE_FLOW","FAIL_SSIM_0.857608","Rendered and captured on emulator-5554; strict SSIM 0.985 not met; see validation/results and known deviations."
"082_recording_save_to_control","Android folder picker","Storage Access Framework handoff; no destination changed","system_intent","IMPLEMENTED","app/src/main/java/com/irlstreamer/reconstruction/platform/ExternalIntents.kt","PASS_CATALOG_MAPPING","PASS_REPRESENTATIVE_FLOW","FAIL_SSIM_0.871421","Rendered and captured on emulator-5554; strict SSIM 0.985 not met; see validation/results and known deviations."
"083_display_settings","Display Settings","display settings","settings_screen","IMPLEMENTED","app/src/main/java/com/irlstreamer/reconstruction/ui/settings/SettingsScreen.kt","PASS_CATALOG_MAPPING","PASS_REPRESENTATIVE_FLOW","FAIL_SSIM_0.920047","Rendered and captured on emulator-5554; strict SSIM 0.985 not met; see validation/results and known deviations."
"084_streamer_home_grid_enabled","Live console","3×3 grid preview; setting restored off","live_console_state","IMPLEMENTED","app/src/main/java/com/irlstreamer/reconstruction/ui/live/LiveConsoleScreen.kt","PASS_CATALOG_MAPPING","PASS_REPRESENTATIVE_FLOW","FAIL_SSIM_0.574440","Rendered and captured on emulator-5554; strict SSIM 0.985 not met; see validation/results and known deviations."
"085_streamer_home_safe_margins_enabled","Live console","Safe-margin preview; setting restored off","live_console_state","IMPLEMENTED","app/src/main/java/com/irlstreamer/reconstruction/ui/live/LiveConsoleScreen.kt","PASS_CATALOG_MAPPING","PASS_REPRESENTATIVE_FLOW","FAIL_SSIM_0.584104","Rendered and captured on emulator-5554; strict SSIM 0.985 not met; see validation/results and known deviations."
"086_streamer_home_audio_meter_hidden","Live console","Audio meter hidden; setting restored on","live_console_state","IMPLEMENTED","app/src/main/java/com/irlstreamer/reconstruction/ui/live/LiveConsoleScreen.kt","PASS_CATALOG_MAPPING","PASS_REPRESENTATIVE_FLOW","FAIL_SSIM_0.585450","Rendered and captured on emulator-5554; strict SSIM 0.985 not met; see validation/results and known deviations."
"087_display_safe_margin_controls","Display Safe Margin Controls","display safe margin controls","settings_screen","IMPLEMENTED","app/src/main/java/com/irlstreamer/reconstruction/ui/settings/SettingsScreen.kt","PASS_CATALOG_MAPPING","PASS_REPRESENTATIVE_FLOW","FAIL_SSIM_0.893857","Rendered and captured on emulator-5554; strict SSIM 0.985 not met; see validation/results and known deviations."
"088_display_safe_margin_ratio_menu","Display Safe Margin Ratio Menu","display safe margin ratio menu","selection_dialog","IMPLEMENTED","app/src/main/java/com/irlstreamer/reconstruction/ui/components/AuditedDialogs.kt","PASS_CATALOG_MAPPING","PASS_REPRESENTATIVE_FLOW","FAIL_SSIM_0.830238","Rendered and captured on emulator-5554; strict SSIM 0.985 not met; see validation/results and known deviations."
"089_display_safe_margin_ratio_menu_lower","Display Safe Margin Ratio Menu Lower","display safe margin ratio menu lower","selection_dialog","IMPLEMENTED","app/src/main/java/com/irlstreamer/reconstruction/ui/components/AuditedDialogs.kt","PASS_CATALOG_MAPPING","PASS_REPRESENTATIVE_FLOW","FAIL_SSIM_0.825771","Rendered and captured on emulator-5554; strict SSIM 0.985 not met; see validation/results and known deviations."
"090_display_safe_margin_indent_maximum","Display Settings","Safe-margin indent temporarily set to 20%; restored to 5%","settings_screen","IMPLEMENTED","app/src/main/java/com/irlstreamer/reconstruction/ui/settings/SettingsScreen.kt","PASS_CATALOG_MAPPING","PASS_REPRESENTATIVE_FLOW","FAIL_SSIM_0.892631","Rendered and captured on emulator-5554; strict SSIM 0.985 not met; see validation/results and known deviations."
"091_overlays_list","Overlays List","overlays list","settings_screen","IMPLEMENTED","app/src/main/java/com/irlstreamer/reconstruction/ui/settings/SettingsScreen.kt","PASS_CATALOG_MAPPING","PASS_REPRESENTATIVE_FLOW","FAIL_SSIM_0.930146","Rendered and captured on emulator-5554; strict SSIM 0.985 not met; see validation/results and known deviations."
"092_text_picture_overlays_empty","Text Picture Overlays Empty","text picture overlays empty","settings_screen","IMPLEMENTED","app/src/main/java/com/irlstreamer/reconstruction/ui/settings/SettingsScreen.kt","PASS_CATALOG_MAPPING","PASS_REPRESENTATIVE_FLOW","FAIL_SSIM_0.886469","Rendered and captured on emulator-5554; strict SSIM 0.985 not met; see validation/results and known deviations."
"093_text_picture_overlay_layers","Text Picture Overlay Layers","text picture overlay layers","settings_screen","IMPLEMENTED","app/src/main/java/com/irlstreamer/reconstruction/ui/settings/SettingsScreen.kt","PASS_CATALOG_MAPPING","PASS_REPRESENTATIVE_FLOW","FAIL_SSIM_0.880697","Rendered and captured on emulator-5554; strict SSIM 0.985 not met; see validation/results and known deviations."
"094_overlay_timestamp_editor","Text/picture overlay layers","Timestamp checkbox enabled in list; no editor shown; restored off","settings_screen","IMPLEMENTED","app/src/main/java/com/irlstreamer/reconstruction/ui/settings/SettingsScreen.kt","PASS_CATALOG_MAPPING","PASS_REPRESENTATIVE_FLOW","FAIL_SSIM_0.880634","Rendered and captured on emulator-5554; strict SSIM 0.985 not met; see validation/results and known deviations."
"095_streamer_home_timestamp_overlay","Live console","Built-in Timestamp layer active; restored off","live_console_state","IMPLEMENTED","app/src/main/java/com/irlstreamer/reconstruction/ui/live/LiveConsoleScreen.kt","PASS_CATALOG_MAPPING","PASS_REPRESENTATIVE_FLOW","FAIL_SSIM_0.586905","Rendered and captured on emulator-5554; strict SSIM 0.985 not met; see validation/results and known deviations."
"096_overlay_new_layer_type_menu","Picture overlay editor","New Picture layer default form; draft discarded","settings_screen","IMPLEMENTED","app/src/main/java/com/irlstreamer/reconstruction/ui/settings/SettingsScreen.kt","PASS_CATALOG_MAPPING","PASS_REPRESENTATIVE_FLOW","FAIL_SSIM_0.907943","Rendered and captured on emulator-5554; strict SSIM 0.985 not met; see validation/results and known deviations."
"097_overlay_layer_type_menu","Overlay Layer Type Menu","overlay layer type menu","selection_dialog","IMPLEMENTED","app/src/main/java/com/irlstreamer/reconstruction/ui/components/AuditedDialogs.kt","PASS_CATALOG_MAPPING","PASS_REPRESENTATIVE_FLOW","FAIL_SSIM_0.883277","Rendered and captured on emulator-5554; strict SSIM 0.985 not met; see validation/results and known deviations."
"098_overlay_new_text_layer_form","Overlay New Text Layer Form","overlay new text layer form","settings_screen","IMPLEMENTED","app/src/main/java/com/irlstreamer/reconstruction/ui/settings/SettingsScreen.kt","PASS_CATALOG_MAPPING","PASS_REPRESENTATIVE_FLOW","FAIL_SSIM_0.926876","Rendered and captured on emulator-5554; strict SSIM 0.985 not met; see validation/results and known deviations."
"099_overlay_new_text_layer_form_lower","Overlay New Text Layer Form Lower","overlay new text layer form lower","settings_screen","IMPLEMENTED","app/src/main/java/com/irlstreamer/reconstruction/ui/settings/SettingsScreen.kt","PASS_CATALOG_MAPPING","PASS_REPRESENTATIVE_FLOW","FAIL_SSIM_0.873681","Rendered and captured on emulator-5554; strict SSIM 0.985 not met; see validation/results and known deviations."
"100_overlay_new_text_layer_form_actions","Overlay New Text Layer Form Actions","overlay new text layer form actions","settings_screen","IMPLEMENTED","app/src/main/java/com/irlstreamer/reconstruction/ui/settings/SettingsScreen.kt","PASS_CATALOG_MAPPING","PASS_REPRESENTATIVE_FLOW","FAIL_SSIM_0.852550","Rendered and captured on emulator-5554; strict SSIM 0.985 not met; see validation/results and known deviations."
"101_overlay_blank_save_validation","Text overlay editor","Blank HTML Save validation toast; draft discarded","validation_state","IMPLEMENTED","app/src/main/java/com/irlstreamer/reconstruction/ui/settings/SettingsScreen.kt","PASS_CATALOG_MAPPING","PASS_REPRESENTATIVE_FLOW","FAIL_SSIM_0.811747","Rendered and captured on emulator-5554; strict SSIM 0.985 not met; see validation/results and known deviations."
"102_overlay_manage_layers","Overlay Manage Layers","overlay manage layers","settings_screen","IMPLEMENTED","app/src/main/java/com/irlstreamer/reconstruction/ui/settings/SettingsScreen.kt","PASS_CATALOG_MAPPING","PASS_REPRESENTATIVE_FLOW","FAIL_SSIM_0.902444","Rendered and captured on emulator-5554; strict SSIM 0.985 not met; see validation/results and known deviations."
"103_overlay_timestamp_edit_form","Overlay Timestamp Edit Form","overlay timestamp edit form","settings_screen","IMPLEMENTED","app/src/main/java/com/irlstreamer/reconstruction/ui/settings/SettingsScreen.kt","PASS_CATALOG_MAPPING","PASS_REPRESENTATIVE_FLOW","FAIL_SSIM_0.896663","Rendered and captured on emulator-5554; strict SSIM 0.985 not met; see validation/results and known deviations."
"104_overlay_timestamp_refresh_controls","Overlay Timestamp Refresh Controls","overlay timestamp refresh controls","settings_screen","IMPLEMENTED","app/src/main/java/com/irlstreamer/reconstruction/ui/settings/SettingsScreen.kt","PASS_CATALOG_MAPPING","PASS_REPRESENTATIVE_FLOW","FAIL_SSIM_0.868818","Rendered and captured on emulator-5554; strict SSIM 0.985 not met; see validation/results and known deviations."
"105_overlay_standby_selector","Overlay Standby Selector","overlay standby selector","dialog","IMPLEMENTED","app/src/main/java/com/irlstreamer/reconstruction/ui/components/AuditedDialogs.kt","PASS_CATALOG_MAPPING","PASS_REPRESENTATIVE_FLOW","FAIL_SSIM_0.868567","Rendered and captured on emulator-5554; strict SSIM 0.985 not met; see validation/results and known deviations."
"106_overlay_pause_selector","Overlay Pause Selector","overlay pause selector","dialog","IMPLEMENTED","app/src/main/java/com/irlstreamer/reconstruction/ui/components/AuditedDialogs.kt","PASS_CATALOG_MAPPING","PASS_REPRESENTATIVE_FLOW","FAIL_SSIM_0.868716","Rendered and captured on emulator-5554; strict SSIM 0.985 not met; see validation/results and known deviations."
"107_web_overlays_settings","Web Overlays Settings","web overlays settings","settings_screen","IMPLEMENTED","app/src/main/java/com/irlstreamer/reconstruction/ui/settings/SettingsScreen.kt","PASS_CATALOG_MAPPING","PASS_REPRESENTATIVE_FLOW","FAIL_SSIM_0.899468","Rendered and captured on emulator-5554; strict SSIM 0.985 not met; see validation/results and known deviations."
"108_web_overlay_new_form","Web Overlay New Form","web overlay new form","settings_screen","IMPLEMENTED","app/src/main/java/com/irlstreamer/reconstruction/ui/settings/SettingsScreen.kt","PASS_CATALOG_MAPPING","PASS_REPRESENTATIVE_FLOW","FAIL_SSIM_0.929665","Rendered and captured on emulator-5554; strict SSIM 0.985 not met; see validation/results and known deviations."
"109_web_overlay_new_form_lower","Web overlay editor","Lower form with position, z-order, and width","settings_screen","IMPLEMENTED","app/src/main/java/com/irlstreamer/reconstruction/ui/settings/SettingsScreen.kt","PASS_CATALOG_MAPPING","PASS_REPRESENTATIVE_FLOW","FAIL_SSIM_0.887822","Rendered and captured on emulator-5554; strict SSIM 0.985 not met; see validation/results and known deviations."
"110_web_overlay_webview_options","Web overlay editor","Bottom form with height, scale, Cancel, and Save; draft discarded","settings_screen","IMPLEMENTED","app/src/main/java/com/irlstreamer/reconstruction/ui/settings/SettingsScreen.kt","PASS_CATALOG_MAPPING","PASS_REPRESENTATIVE_FLOW","FAIL_SSIM_0.868343","Rendered and captured on emulator-5554; strict SSIM 0.985 not met; see validation/results and known deviations."
"111_web_overlay_view_mode_menu","Web Overlay View Mode Menu","web overlay view mode menu","selection_dialog","IMPLEMENTED","app/src/main/java/com/irlstreamer/reconstruction/ui/components/AuditedDialogs.kt","PASS_CATALOG_MAPPING","PASS_REPRESENTATIVE_FLOW","FAIL_SSIM_0.877263","Rendered and captured on emulator-5554; strict SSIM 0.985 not met; see validation/results and known deviations."
"112_web_overlay_position_menu","Web Overlay Position Menu","web overlay position menu","selection_dialog","IMPLEMENTED","app/src/main/java/com/irlstreamer/reconstruction/ui/components/AuditedDialogs.kt","PASS_CATALOG_MAPPING","PASS_REPRESENTATIVE_FLOW","FAIL_SSIM_0.785555","Rendered and captured on emulator-5554; strict SSIM 0.985 not met; see validation/results and known deviations."
"113_web_overlay_custom_position_fields","Web overlay editor","Custom position selected in unsaved draft","settings_screen","IMPLEMENTED","app/src/main/java/com/irlstreamer/reconstruction/ui/settings/SettingsScreen.kt","PASS_CATALOG_MAPPING","PASS_REPRESENTATIVE_FLOW","FAIL_SSIM_0.929454","Rendered and captured on emulator-5554; strict SSIM 0.985 not met; see validation/results and known deviations."
"114_web_overlay_custom_position_coordinates","Web overlay editor","Custom right/bottom coordinates inherited from prior bottom-right selection; draft discarded","settings_screen","IMPLEMENTED","app/src/main/java/com/irlstreamer/reconstruction/ui/settings/SettingsScreen.kt","PASS_CATALOG_MAPPING","PASS_REPRESENTATIVE_FLOW","FAIL_SSIM_0.880192","Rendered and captured on emulator-5554; strict SSIM 0.985 not met; see validation/results and known deviations."
"115_web_overlay_manage_empty","Web Overlay Manage Empty","web overlay manage empty","settings_screen","IMPLEMENTED","app/src/main/java/com/irlstreamer/reconstruction/ui/settings/SettingsScreen.kt","PASS_CATALOG_MAPPING","PASS_REPRESENTATIVE_FLOW","FAIL_SSIM_0.927945","Rendered and captured on emulator-5554; strict SSIM 0.985 not met; see validation/results and known deviations."
"116_import_export_settings","Import Export Settings","import export settings","settings_screen","IMPLEMENTED","app/src/main/java/com/irlstreamer/reconstruction/ui/settings/SettingsScreen.kt","PASS_CATALOG_MAPPING","PASS_REPRESENTATIVE_FLOW","FAIL_SSIM_0.893936","Rendered and captured on emulator-5554; strict SSIM 0.985 not met; see validation/results and known deviations."
"117_import_settings_file_picker","Import settings","larix:// text-entry dialog; filename is a legacy capture label, not a file picker","dialog","IMPLEMENTED","app/src/main/java/com/irlstreamer/reconstruction/ui/components/AuditedDialogs.kt","PASS_CATALOG_MAPPING","PASS_REPRESENTATIVE_FLOW","FAIL_SSIM_0.857161","Rendered and captured on emulator-5554; strict SSIM 0.985 not met; see validation/results and known deviations."
"118_import_scan_qr_handoff","QR scanner dependency","Install Barcode Scanner prompt; declined","dialog","IMPLEMENTED","app/src/main/java/com/irlstreamer/reconstruction/ui/components/AuditedDialogs.kt","PASS_CATALOG_MAPPING","PASS_REPRESENTATIVE_FLOW","FAIL_SSIM_0.848017","Rendered and captured on emulator-5554; strict SSIM 0.985 not met; see validation/results and known deviations."
"119_settings_root_lower","Settings Root Lower","settings root lower","settings_screen","IMPLEMENTED","app/src/main/java/com/irlstreamer/reconstruction/ui/settings/SettingsScreen.kt","PASS_CATALOG_MAPPING","PASS_REPRESENTATIVE_FLOW","FAIL_SSIM_0.899914","Rendered and captured on emulator-5554; strict SSIM 0.985 not met; see validation/results and known deviations."
"120_advanced_options","Advanced Options","advanced options","settings_screen","IMPLEMENTED","app/src/main/java/com/irlstreamer/reconstruction/ui/settings/SettingsScreen.kt","PASS_CATALOG_MAPPING","PASS_REPRESENTATIVE_FLOW","FAIL_SSIM_0.872159","Rendered and captured on emulator-5554; strict SSIM 0.985 not met; see validation/results and known deviations."
"121_advanced_options_mid","Advanced Options Mid","advanced options mid","settings_screen","IMPLEMENTED","app/src/main/java/com/irlstreamer/reconstruction/ui/settings/SettingsScreen.kt","PASS_CATALOG_MAPPING","PASS_REPRESENTATIVE_FLOW","FAIL_SSIM_0.800575","Rendered and captured on emulator-5554; strict SSIM 0.985 not met; see validation/results and known deviations."
"122_advanced_options_lower","Advanced Options Lower","advanced options lower","settings_screen","IMPLEMENTED","app/src/main/java/com/irlstreamer/reconstruction/ui/settings/SettingsScreen.kt","PASS_CATALOG_MAPPING","PASS_REPRESENTATIVE_FLOW","FAIL_SSIM_0.845713","Rendered and captured on emulator-5554; strict SSIM 0.985 not met; see validation/results and known deviations."
"123_advanced_options_bottom","Advanced Options Bottom","advanced options bottom","settings_screen","IMPLEMENTED","app/src/main/java/com/irlstreamer/reconstruction/ui/settings/SettingsScreen.kt","PASS_CATALOG_MAPPING","PASS_REPRESENTATIVE_FLOW","FAIL_SSIM_0.815503","Rendered and captured on emulator-5554; strict SSIM 0.985 not met; see validation/results and known deviations."
"124_advanced_webviews","Advanced Webviews","advanced webviews","settings_screen","IMPLEMENTED","app/src/main/java/com/irlstreamer/reconstruction/ui/settings/SettingsScreen.kt","PASS_CATALOG_MAPPING","PASS_REPRESENTATIVE_FLOW","FAIL_SSIM_0.828483","Rendered and captured on emulator-5554; strict SSIM 0.985 not met; see validation/results and known deviations."
"125_advanced_bottommost","Advanced Bottommost","advanced bottommost","settings_screen","IMPLEMENTED","app/src/main/java/com/irlstreamer/reconstruction/ui/settings/SettingsScreen.kt","PASS_CATALOG_MAPPING","PASS_REPRESENTATIVE_FLOW","FAIL_SSIM_0.828483","Rendered and captured on emulator-5554; strict SSIM 0.985 not met; see validation/results and known deviations."
"126_preferred_camera_api_dialog","Advanced Options","Preferred camera API row is disabled on this device; no dialog opened","settings_screen","IMPLEMENTED","app/src/main/java/com/irlstreamer/reconstruction/ui/settings/SettingsScreen.kt","PASS_CATALOG_MAPPING","PASS_REPRESENTATIVE_FLOW","FAIL_SSIM_0.816089","Rendered and captured on emulator-5554; strict SSIM 0.985 not met; see validation/results and known deviations."
"127_volume_keys_dialog","Volume Keys Dialog","volume keys dialog","dialog","IMPLEMENTED","app/src/main/java/com/irlstreamer/reconstruction/ui/components/AuditedDialogs.kt","PASS_CATALOG_MAPPING","PASS_REPRESENTATIVE_FLOW","FAIL_SSIM_0.835302","Rendered and captured on emulator-5554; strict SSIM 0.985 not met; see validation/results and known deviations."
"128_help_support","Help Support","help support","settings_screen","IMPLEMENTED","app/src/main/java/com/irlstreamer/reconstruction/ui/settings/SettingsScreen.kt","PASS_CATALOG_MAPPING","PASS_REPRESENTATIVE_FLOW","FAIL_SSIM_0.878953","Rendered and captured on emulator-5554; strict SSIM 0.985 not met; see validation/results and known deviations."
"129_about_irl_pro","About Irl Pro","about irl pro","dialog","IMPLEMENTED","app/src/main/java/com/irlstreamer/reconstruction/ui/components/AuditedDialogs.kt","PASS_CATALOG_MAPPING","PASS_REPRESENTATIVE_FLOW","FAIL_SSIM_0.855660","Rendered and captured on emulator-5554; strict SSIM 0.985 not met; see validation/results and known deviations."
"130_live_console_overflow","Live-console quick settings","Camera tab, upper controls","quick_settings_overlay","IMPLEMENTED","app/src/main/java/com/irlstreamer/reconstruction/ui/live/QuickSettingsPanel.kt","PASS_CATALOG_MAPPING","PASS_REPRESENTATIVE_FLOW","FAIL_SSIM_0.665594","Rendered and captured on emulator-5554; strict SSIM 0.985 not met; see validation/results and known deviations."
"131_live_console_camera_lower","Live-console quick settings","Camera tab, lower controls","quick_settings_overlay","IMPLEMENTED","app/src/main/java/com/irlstreamer/reconstruction/ui/live/QuickSettingsPanel.kt","PASS_CATALOG_MAPPING","PASS_REPRESENTATIVE_FLOW","FAIL_SSIM_0.649180","Rendered and captured on emulator-5554; strict SSIM 0.985 not met; see validation/results and known deviations."
"132_live_console_network","Live-console quick settings","Network tab, bitrate controls","quick_settings_overlay","IMPLEMENTED","app/src/main/java/com/irlstreamer/reconstruction/ui/live/QuickSettingsPanel.kt","PASS_CATALOG_MAPPING","PASS_REPRESENTATIVE_FLOW","FAIL_SSIM_0.675918","Rendered and captured on emulator-5554; strict SSIM 0.985 not met; see validation/results and known deviations."
"133_live_console_network_lower","Live-console quick settings","Network tab, bonding controls","quick_settings_overlay","IMPLEMENTED","app/src/main/java/com/irlstreamer/reconstruction/ui/live/QuickSettingsPanel.kt","PASS_CATALOG_MAPPING","PASS_REPRESENTATIVE_FLOW","FAIL_SSIM_0.649318","Rendered and captured on emulator-5554; strict SSIM 0.985 not met; see validation/results and known deviations."
"134_live_console_network_stats","Live-console quick settings","Network tab at bottom; idle Stats section","quick_settings_overlay","IMPLEMENTED","app/src/main/java/com/irlstreamer/reconstruction/ui/live/QuickSettingsPanel.kt","PASS_CATALOG_MAPPING","PASS_REPRESENTATIVE_FLOW","FAIL_SSIM_0.643631","Rendered and captured on emulator-5554; strict SSIM 0.985 not met; see validation/results and known deviations."
"135_live_console_display","Live-console quick settings","Display tab","quick_settings_overlay","IMPLEMENTED","app/src/main/java/com/irlstreamer/reconstruction/ui/live/QuickSettingsPanel.kt","PASS_CATALOG_MAPPING","PASS_REPRESENTATIVE_FLOW","FAIL_SSIM_0.662883","Rendered and captured on emulator-5554; strict SSIM 0.985 not met; see validation/results and known deviations."
"136_live_console_overlays","Live-console quick settings","Overlays tab; Timestamp inactive","quick_settings_overlay","IMPLEMENTED","app/src/main/java/com/irlstreamer/reconstruction/ui/live/QuickSettingsPanel.kt","PASS_CATALOG_MAPPING","PASS_REPRESENTATIVE_FLOW","FAIL_SSIM_0.685622","Rendered and captured on emulator-5554; strict SSIM 0.985 not met; see validation/results and known deviations."
"137_live_console_audio","Live-console quick settings","Audio tab; input gain 0 dB","quick_settings_overlay","IMPLEMENTED","app/src/main/java/com/irlstreamer/reconstruction/ui/live/QuickSettingsPanel.kt","PASS_CATALOG_MAPPING","PASS_REPRESENTATIVE_FLOW","FAIL_SSIM_0.697273","Rendered and captured on emulator-5554; strict SSIM 0.985 not met; see validation/results and known deviations."
"138_live_console_log","Live-console quick settings","Log tab; idle capture pipeline diagnostics","quick_settings_overlay","IMPLEMENTED","app/src/main/java/com/irlstreamer/reconstruction/ui/live/QuickSettingsPanel.kt","PASS_CATALOG_MAPPING","PASS_REPRESENTATIVE_FLOW","FAIL_SSIM_0.595565","Rendered and captured on emulator-5554; strict SSIM 0.985 not met; see validation/results and known deviations."
"139_live_console_microphone_muted","Live console","Microphone muted; restored unmuted","live_console_state","IMPLEMENTED","app/src/main/java/com/irlstreamer/reconstruction/ui/live/LiveConsoleScreen.kt","PASS_CATALOG_MAPPING","PASS_REPRESENTATIVE_FLOW","FAIL_SSIM_0.577705","Rendered and captured on emulator-5554; strict SSIM 0.985 not met; see validation/results and known deviations."
"140_live_console_front_camera","Live console","67° front camera selected; restored to 73° rear","live_console_state","IMPLEMENTED","app/src/main/java/com/irlstreamer/reconstruction/ui/live/LiveConsoleScreen.kt","PASS_CATALOG_MAPPING","PASS_REPRESENTATIVE_FLOW","FAIL_SSIM_0.540735","Rendered and captured on emulator-5554; strict SSIM 0.985 not met; see validation/results and known deviations."
"141_live_console_rear_ultrawide","Live console","103° rear camera selected; restored to 73° rear","live_console_state","IMPLEMENTED","app/src/main/java/com/irlstreamer/reconstruction/ui/live/LiveConsoleScreen.kt","PASS_CATALOG_MAPPING","PASS_REPRESENTATIVE_FLOW","FAIL_SSIM_0.436994","Rendered and captured on emulator-5554; strict SSIM 0.985 not met; see validation/results and known deviations."
"142_start_without_connection","Start Broadcast dialog","No active connections validation","dialog","IMPLEMENTED","app/src/main/java/com/irlstreamer/reconstruction/ui/components/AuditedDialogs.kt","PASS_CATALOG_MAPPING","PASS_REPRESENTATIVE_FLOW","FAIL_SSIM_0.702874","Rendered and captured on emulator-5554; strict SSIM 0.985 not met; see validation/results and known deviations."
"143_live_console_refresh","Live console","Reload-chat-and-web-overlays toast","live_console_state","IMPLEMENTED","app/src/main/java/com/irlstreamer/reconstruction/ui/live/LiveConsoleScreen.kt","PASS_CATALOG_MAPPING","PASS_REPRESENTATIVE_FLOW","FAIL_SSIM_0.562721","Rendered and captured on emulator-5554; strict SSIM 0.985 not met; see validation/results and known deviations."
"144_cold_launch_loaded","Live console","Settled state after true force-stop cold launch","live_console_state","IMPLEMENTED","app/src/main/java/com/irlstreamer/reconstruction/ui/live/LiveConsoleScreen.kt","PASS_CATALOG_MAPPING","PASS_REPRESENTATIVE_FLOW","FAIL_SSIM_0.585123","Rendered and captured on emulator-5554; strict SSIM 0.985 not met; see validation/results and known deviations."
"145_background_resume_loaded","Live console","Settled state after Home/background and hot resume","live_console_state","IMPLEMENTED","app/src/main/java/com/irlstreamer/reconstruction/ui/live/LiveConsoleScreen.kt","PASS_CATALOG_MAPPING","PASS_REPRESENTATIVE_FLOW","FAIL_SSIM_0.584948","Rendered and captured on emulator-5554; strict SSIM 0.985 not met; see validation/results and known deviations."
