screen_id,captured_at_utc,screenshot,ui_xml,activity_dump,recording,navigation_path,required_starting_state,classification,notes
001_streamer_home_default,2026-08-15T00:19:30.6131946Z,evidence/screenshots/001_streamer_home_default.png,evidence/ui-xml/001_streamer_home_default.xml,evidence/activity/001_streamer_home_default_activity-top.txt,,Android launcher > IRL Pro,Existing signed-in/configured app data preserved; app launched normally,CONFIRMED,Idle rear-camera preview; defaults
002_settings_root,2026-08-15T00:20:30.9784020Z,evidence/screenshots/002_settings_root.png,evidence/ui-xml/002_settings_root.xml,evidence/activity/002_settings_root_activity-top.txt,,001 streamer home > Settings gear,Camera console open; tap settings gear,CONFIRMED,
003_settings_root_scrolled,2026-08-15T00:20:55.1108099Z,evidence/screenshots/003_settings_root_scrolled.png,evidence/ui-xml/003_settings_root_scrolled.xml,evidence/activity/003_settings_root_scrolled_activity-top.txt,,002 settings root > swipe upward,Settings root at top,CONFIRMED,
004_settings_root_bottom,2026-08-15T00:21:16.2294501Z,evidence/screenshots/004_settings_root_bottom.png,evidence/ui-xml/004_settings_root_bottom.xml,evidence/activity/004_settings_root_bottom_activity-top.txt,,003 settings root scrolled > swipe upward,Settings root middle position,CONFIRMED,
005_settings_root_final,2026-08-15T00:21:55.7415039Z,evidence/screenshots/005_settings_root_final.png,evidence/ui-xml/005_settings_root_final.xml,evidence/activity/005_settings_root_final_activity-top.txt,,004 settings root bottom > swipe upward,Settings root at final scroll position,CONFIRMED,
006_streamer_settings,2026-08-15T00:22:28.4507010Z,evidence/screenshots/006_streamer_settings.png,evidence/ui-xml/006_streamer_settings.xml,evidence/activity/006_streamer_settings_activity-top.txt,,002 settings root > Streamer,Settings root at top,CONFIRMED,
007_streamer_settings_chat_scrolled,2026-08-15T00:22:48.5097475Z,evidence/screenshots/007_streamer_settings_chat_scrolled.png,evidence/ui-xml/007_streamer_settings_chat_scrolled.xml,evidence/activity/007_streamer_settings_chat_scrolled_activity-top.txt,,006 streamer settings > swipe upward,Streamer options at top,CONFIRMED,
008_streamer_settings_dashboard,2026-08-15T00:23:08.9422623Z,evidence/screenshots/008_streamer_settings_dashboard.png,evidence/ui-xml/008_streamer_settings_dashboard.xml,evidence/activity/008_streamer_settings_dashboard_activity-top.txt,,007 streamer settings > swipe upward,Streamer options chat section middle,CONFIRMED,
009_streamer_settings_alerts,2026-08-15T00:23:25.3970380Z,evidence/screenshots/009_streamer_settings_alerts.png,evidence/ui-xml/009_streamer_settings_alerts.xml,evidence/activity/009_streamer_settings_alerts_activity-top.txt,,008 streamer settings > swipe upward,Streamer options around Other/Alert Dashboard sections,CONFIRMED,
010_streamer_settings_custom_page,2026-08-15T00:23:42.6341617Z,evidence/screenshots/010_streamer_settings_custom_page.png,evidence/ui-xml/010_streamer_settings_custom_page.xml,evidence/activity/010_streamer_settings_custom_page_activity-top.txt,,009 streamer settings > swipe upward,Streamer options alert-dashboard section,CONFIRMED,
011_streamer_settings_final,2026-08-15T00:23:58.4765607Z,evidence/screenshots/011_streamer_settings_final.png,evidence/ui-xml/011_streamer_settings_final.xml,evidence/activity/011_streamer_settings_final_activity-top.txt,,010 streamer settings > swipe upward,Streamer options near bottom,CONFIRMED,
012_custom_page_url_dialog,2026-08-15T00:25:04.0532687Z,evidence/screenshots/012_custom_page_url_dialog.png,evidence/ui-xml/012_custom_page_url_dialog.xml,evidence/activity/012_custom_page_url_dialog_activity-top.txt,,011 streamer options bottom > Custom Page > hide keyboard,Custom Page edit dialog open; keyboard dismissed; no value submitted,CONFIRMED,
013_alert_dashboard_scale_dialog,2026-08-15T00:25:26.9404016Z,evidence/screenshots/013_alert_dashboard_scale_dialog.png,evidence/ui-xml/013_alert_dashboard_scale_dialog.xml,evidence/activity/013_alert_dashboard_scale_dialog_activity-top.txt,,011 streamer options bottom > Alert dashboard scale > hide keyboard,Alert dashboard scale edit dialog open with existing value preserved,CONFIRMED,
014_chat_font_scale_dialog,2026-08-15T00:26:41.5519682Z,evidence/screenshots/014_chat_font_scale_dialog.png,evidence/ui-xml/014_chat_font_scale_dialog.xml,evidence/activity/014_chat_font_scale_dialog_activity-top.txt,,Streamer options > Chat font scale > hide keyboard,Chat font scale edit dialog open with existing value preserved,CONFIRMED,
015_streamer_platform_icons_enabled,2026-08-15T00:27:00.2297646Z,evidence/screenshots/015_streamer_platform_icons_enabled.png,evidence/ui-xml/015_streamer_platform_icons_enabled.xml,evidence/activity/015_streamer_platform_icons_enabled_activity-top.txt,,Streamer options > toggle Show platform icons on,Show platform icons initially off; reversible toggle test,CONFIRMED,"Platform-icons switch temporarily enabled, then restored"
016_bonding_settings,2026-08-15T00:27:22.3661592Z,evidence/screenshots/016_bonding_settings.png,evidence/ui-xml/016_bonding_settings.xml,evidence/activity/016_bonding_settings_activity-top.txt,,Settings root > Bonding,Settings root at top,CONFIRMED,
017_bonding_mode_controls,2026-08-15T00:27:43.1948653Z,evidence/screenshots/017_bonding_mode_controls.png,evidence/ui-xml/017_bonding_mode_controls.xml,evidence/activity/017_bonding_mode_controls_activity-top.txt,,016 bonding settings > swipe upward,Bonding settings at top,CONFIRMED,
018_bonding_link_weights,2026-08-15T00:28:05.3092480Z,evidence/screenshots/018_bonding_link_weights.png,evidence/ui-xml/018_bonding_link_weights.xml,evidence/activity/018_bonding_link_weights_activity-top.txt,,017 bonding settings > swipe upward,Bonding mode and cellular control visible,CONFIRMED,
019_bonding_link_weights_lower,2026-08-15T00:28:22.6248061Z,evidence/screenshots/019_bonding_link_weights_lower.png,evidence/ui-xml/019_bonding_link_weights_lower.xml,evidence/activity/019_bonding_link_weights_lower_activity-top.txt,,018 bonding settings > swipe upward,Bonding Wi-Fi and Ethernet weights visible,CONFIRMED,
020_bonding_wifi_weight_adjusted,2026-08-15T00:28:55.7637043Z,evidence/screenshots/020_bonding_wifi_weight_adjusted.png,evidence/ui-xml/020_bonding_wifi_weight_adjusted.xml,evidence/activity/020_bonding_wifi_weight_adjusted_activity-top.txt,,Bonding settings > adjust Wi-Fi weight slider to midpoint,Wi-Fi weight observed at 100; reversible slider test,CONFIRMED,"Wi-Fi weight temporarily set to 50, then restored to 100"
021_connections_list_empty,2026-08-15T00:29:20.3577052Z,evidence/screenshots/021_connections_list_empty.png,evidence/ui-xml/021_connections_list_empty.xml,evidence/activity/021_connections_list_empty_activity-top.txt,,Settings root > Connections,Settings root at top; no destination modified,CONFIRMED,
022_new_connection_protocol_menu,2026-08-15T00:29:35.5809860Z,evidence/screenshots/022_new_connection_protocol_menu.png,evidence/ui-xml/022_new_connection_protocol_menu.xml,evidence/activity/022_new_connection_protocol_menu_activity-top.txt,,Connections > New connection,Outgoing connections page; no connection created,CONFIRMED,Default empty form; protocol-specific fields appear after a recognized URL is entered
023_new_connection_form_bottom,2026-08-15T00:30:03.4083950Z,evidence/screenshots/023_new_connection_form_bottom.png,evidence/ui-xml/023_new_connection_form_bottom.xml,evidence/activity/023_new_connection_form_bottom_activity-top.txt,,022 new outgoing connection > swipe upward,Blank connection form; no data submitted,CONFIRMED,"Default form, lower actions"
024_new_connection_invalid_url,2026-08-15T00:30:22.9650383Z,evidence/screenshots/024_new_connection_invalid_url.png,evidence/ui-xml/024_new_connection_invalid_url.xml,evidence/activity/024_new_connection_invalid_url_activity-top.txt,,New outgoing connection > enter test name and malformed URL > hide keyboard,Blank form; safe non-secret test values; form not submitted,CONFIRMED,Incomplete form; URL empty and Save disabled; no record saved
025_new_connection_rtmp_fields,2026-08-15T00:32:40.1094858Z,evidence/screenshots/025_new_connection_rtmp_fields.png,evidence/ui-xml/025_new_connection_rtmp_fields.xml,evidence/activity/025_new_connection_rtmp_fields_activity-top.txt,,New outgoing connection > enter reserved-host RTMP URL > hide keyboard,Safe non-secret test values; form not submitted,CONFIRMED,
026_new_connection_rtmp_advanced,2026-08-15T00:32:57.2443294Z,evidence/screenshots/026_new_connection_rtmp_advanced.png,evidence/ui-xml/026_new_connection_rtmp_advanced.xml,evidence/activity/026_new_connection_rtmp_advanced_activity-top.txt,,025 RTMP connection form > swipe upward,Safe reserved-host RTMP form; not submitted,CONFIRMED,
027_rtmp_target_type_menu,2026-08-15T00:33:48.6873532Z,evidence/screenshots/027_rtmp_target_type_menu.png,evidence/ui-xml/027_rtmp_target_type_menu.xml,evidence/activity/027_rtmp_target_type_menu_activity-top.txt,,RTMP connection form > Target type dropdown,Safe RTMP form; dropdown open; no target type changed; form not submitted,CONFIRMED,
028_rtmp_authorization_fields,2026-08-15T00:34:09.1086150Z,evidence/screenshots/028_rtmp_authorization_fields.png,evidence/ui-xml/028_rtmp_authorization_fields.xml,evidence/activity/028_rtmp_authorization_fields_activity-top.txt,,RTMP connection form > Target type > RTMP authorization > swipe to fields,Safe unsaved RTMP form; blank authorization fields,CONFIRMED,
029_manage_connections_empty,2026-08-15T00:34:38.7779133Z,evidence/screenshots/029_manage_connections_empty.png,evidence/ui-xml/029_manage_connections_empty.xml,evidence/activity/029_manage_connections_empty_activity-top.txt,,Connections > Manage connections,No outgoing connection saved during audit,CONFIRMED,
030_twitch_quick_setup_form,2026-08-15T00:34:59.4545913Z,evidence/screenshots/030_twitch_quick_setup_form.png,evidence/ui-xml/030_twitch_quick_setup_form.xml,evidence/activity/030_twitch_quick_setup_form_activity-top.txt,,Manage connections > New connection > TWITCH.TV,No connection saved; quick-setup form opened only,CONFIRMED,
031_kick_quick_setup_form,2026-08-15T00:36:11.7530387Z,evidence/screenshots/031_kick_quick_setup_form.png,evidence/ui-xml/031_kick_quick_setup_form.xml,evidence/activity/031_kick_quick_setup_form_activity-top.txt,,New outgoing connection > KICK.COM,No connection saved; quick-setup form open; blank fields,CONFIRMED,
032_video_settings,2026-08-15T00:36:42.9200377Z,evidence/screenshots/032_video_settings.png,evidence/ui-xml/032_video_settings.xml,evidence/activity/032_video_settings_activity-top.txt,,Settings root > Video,Settings root at top; no video preference changed,CONFIRMED,
033_video_resolution_fps,2026-08-15T00:37:12.3925101Z,evidence/screenshots/033_video_resolution_fps.png,evidence/ui-xml/033_video_resolution_fps.xml,evidence/activity/033_video_resolution_fps_activity-top.txt,,032 video parameters > swipe upward,Video settings at top; no preference changed,CONFIRMED,
034_video_orientation_controls,2026-08-15T00:37:30.4580277Z,evidence/screenshots/034_video_orientation_controls.png,evidence/ui-xml/034_video_orientation_controls.xml,evidence/activity/034_video_orientation_controls_activity-top.txt,,033 video parameters > swipe upward,Video FPS/orientation controls visible; no preference changed,CONFIRMED,
035_video_lens_defaults,2026-08-15T00:37:55.3598901Z,evidence/screenshots/035_video_lens_defaults.png,evidence/ui-xml/035_video_lens_defaults.xml,evidence/activity/035_video_lens_defaults_activity-top.txt,,034 video parameters > swipe upward,Video background streaming and lens defaults; no preference changed,CONFIRMED,
036_video_encoder_parameters,2026-08-15T00:38:15.2334565Z,evidence/screenshots/036_video_encoder_parameters.png,evidence/ui-xml/036_video_encoder_parameters.xml,evidence/activity/036_video_encoder_parameters_activity-top.txt,,035 video parameters > swipe upward,Lens defaults and encoder section visible; no preference changed,CONFIRMED,
037_video_codec_color,2026-08-15T00:38:33.8913954Z,evidence/screenshots/037_video_codec_color.png,evidence/ui-xml/037_video_codec_color.xml,evidence/activity/037_video_codec_color_activity-top.txt,,036 video parameters > swipe upward,Encoder settings visible; no preference changed,CONFIRMED,
038_video_vendor_enhancements,2026-08-15T00:38:49.9736024Z,evidence/screenshots/038_video_vendor_enhancements.png,evidence/ui-xml/038_video_vendor_enhancements.xml,evidence/activity/038_video_vendor_enhancements_activity-top.txt,,037 video parameters > swipe upward,Codec profiles and vendor enhancements; no preference changed,CONFIRMED,
039_video_adaptive_bitrate,2026-08-15T00:39:10.2650930Z,evidence/screenshots/039_video_adaptive_bitrate.png,evidence/ui-xml/039_video_adaptive_bitrate.xml,evidence/activity/039_video_adaptive_bitrate_activity-top.txt,,038 video parameters > swipe upward,Vendor enhancements and adaptive bitrate section; no preference changed,CONFIRMED,
040_video_adaptive_floor,2026-08-15T00:39:54.2960739Z,evidence/screenshots/040_video_adaptive_floor.png,evidence/ui-xml/040_video_adaptive_floor.xml,evidence/activity/040_video_adaptive_floor_activity-top.txt,,039 video parameters > attempted swipe at list end,Adaptive bitrate controls remain visible; no preference changed,CONFIRMED,
041_video_start_camera_menu,2026-08-15T00:40:39.2451599Z,evidence/screenshots/041_video_start_camera_menu.png,evidence/ui-xml/041_video_start_camera_menu.xml,evidence/activity/041_video_start_camera_menu_activity-top.txt,,Video parameters > Start app with,Observed value Rear camera (0); no selection changed,CONFIRMED,
042_video_resolution_menu,2026-08-15T00:40:58.9095947Z,evidence/screenshots/042_video_resolution_menu.png,evidence/ui-xml/042_video_resolution_menu.xml,evidence/activity/042_video_resolution_menu_activity-top.txt,,Video parameters > Resolution,Observed value 1920x1080 (16:9); no selection changed,CONFIRMED,
043_video_resolution_menu_lower,2026-08-15T00:41:20.6832689Z,evidence/screenshots/043_video_resolution_menu_lower.png,evidence/ui-xml/043_video_resolution_menu_lower.xml,evidence/activity/043_video_resolution_menu_lower_activity-top.txt,,Resolution dialog > swipe upward,Resolution picker open; no selection changed,CONFIRMED,
044_video_fps_menu,2026-08-15T00:41:58.2897047Z,evidence/screenshots/044_video_fps_menu.png,evidence/ui-xml/044_video_fps_menu.xml,evidence/activity/044_video_fps_menu_activity-top.txt,,Video parameters > FPS,Observed value System default; no selection changed,CONFIRMED,
045_video_fps_menu_middle,2026-08-15T00:42:29.7006250Z,evidence/screenshots/045_video_fps_menu_middle.png,evidence/ui-xml/045_video_fps_menu_middle.xml,evidence/activity/045_video_fps_menu_middle_activity-top.txt,,FPS dialog > swipe upward,FPS picker open; no selection changed,CONFIRMED,
046_video_fps_menu_lower,2026-08-15T00:42:51.0050190Z,evidence/screenshots/046_video_fps_menu_lower.png,evidence/ui-xml/046_video_fps_menu_lower.xml,evidence/activity/046_video_fps_menu_lower_activity-top.txt,,FPS dialog middle > swipe upward,FPS picker open; no selection changed,CONFIRMED,
047_video_focus_mode_menu,2026-08-15T00:43:25.9861589Z,evidence/screenshots/047_video_focus_mode_menu.png,evidence/ui-xml/047_video_focus_mode_menu.xml,evidence/activity/047_video_focus_mode_menu_activity-top.txt,,Video parameters > Focus mode,Observed value Continuous auto focus; no selection changed,CONFIRMED,
048_video_white_balance_menu,2026-08-15T00:43:44.8586942Z,evidence/screenshots/048_video_white_balance_menu.png,evidence/ui-xml/048_video_white_balance_menu.xml,evidence/activity/048_video_white_balance_menu_activity-top.txt,,Video parameters > White balance,Observed value Auto; no selection changed,CONFIRMED,
049_video_antiflicker_menu,2026-08-15T00:45:58.7721384Z,evidence/screenshots/049_video_antiflicker_menu.png,evidence/ui-xml/049_video_antiflicker_menu.xml,evidence/activity/049_video_antiflicker_menu_activity-top.txt,,Settings > Video > Anti-flicker,Video settings; Anti-flicker default Auto,CONFIRMED,
050_video_exposure_compensation_menu,2026-08-15T00:46:16.1146391Z,evidence/screenshots/050_video_exposure_compensation_menu.png,evidence/ui-xml/050_video_exposure_compensation_menu.xml,evidence/activity/050_video_exposure_compensation_menu_activity-top.txt,,Settings > Video > Exposure compensation,Video settings; Exposure compensation default 0,CONFIRMED,
051_video_exposure_compensation_menu_scrolled,2026-08-15T00:46:33.1462202Z,evidence/screenshots/051_video_exposure_compensation_menu_scrolled.png,evidence/ui-xml/051_video_exposure_compensation_menu_scrolled.xml,evidence/activity/051_video_exposure_compensation_menu_scrolled_activity-top.txt,,Settings > Video > Exposure compensation > scroll,Exposure compensation chooser open; no value changed,CONFIRMED,
052_video_exposure_compensation_menu_lower,2026-08-15T00:46:51.6259615Z,evidence/screenshots/052_video_exposure_compensation_menu_lower.png,evidence/ui-xml/052_video_exposure_compensation_menu_lower.xml,evidence/activity/052_video_exposure_compensation_menu_lower_activity-top.txt,,Settings > Video > Exposure compensation > scroll farther,Exposure compensation chooser open; no value changed,CONFIRMED,
053_video_exposure_compensation_menu_bottom,2026-08-15T00:47:14.1858873Z,evidence/screenshots/053_video_exposure_compensation_menu_bottom.png,evidence/ui-xml/053_video_exposure_compensation_menu_bottom.xml,evidence/activity/053_video_exposure_compensation_menu_bottom_activity-top.txt,,Settings > Video > Exposure compensation > bottom,Exposure compensation chooser open; no value changed,CONFIRMED,
054_video_manual_bitrate_enabled,2026-08-15T00:47:48.9130694Z,evidence/screenshots/054_video_manual_bitrate_enabled.png,evidence/ui-xml/054_video_manual_bitrate_enabled.xml,evidence/activity/054_video_manual_bitrate_enabled_activity-top.txt,,Settings > Video > Bitrate matches resolution,Automatic bitrate temporarily toggled off; value restored after capture,CONFIRMED,"Automatic resolution-matched bitrate temporarily disabled, then restored"
055_video_bitrate_editor,2026-08-15T00:48:06.3408785Z,evidence/screenshots/055_video_bitrate_editor.png,evidence/ui-xml/055_video_bitrate_editor.xml,evidence/activity/055_video_bitrate_editor_activity-top.txt,,Settings > Video > Bitrate H264/HEVC,Manual bitrate temporarily enabled; current value 6000 Kbps; no edit submitted,CONFIRMED,
056_video_bitrate_mode_menu,2026-08-15T00:48:30.2149196Z,evidence/screenshots/056_video_bitrate_mode_menu.png,evidence/ui-xml/056_video_bitrate_mode_menu.xml,evidence/activity/056_video_bitrate_mode_menu_activity-top.txt,,Settings > Video > Bitrate mode,Automatic bitrate restored on; Bitrate mode current System default,CONFIRMED,
057_video_keyframe_frequency_menu,2026-08-15T00:48:47.4281292Z,evidence/screenshots/057_video_keyframe_frequency_menu.png,evidence/ui-xml/057_video_keyframe_frequency_menu.xml,evidence/activity/057_video_keyframe_frequency_menu_activity-top.txt,,Settings > Video > Keyframe frequency,Video encoder settings; current 2 sec,CONFIRMED,
058_video_format_menu,2026-08-15T00:49:15.7752626Z,evidence/screenshots/058_video_format_menu.png,evidence/ui-xml/058_video_format_menu.xml,evidence/activity/058_video_format_menu_activity-top.txt,,Settings > Video > Format,Video encoder settings; current Auto,CONFIRMED,
059_video_h264_profile_menu,2026-08-15T00:49:32.2388350Z,evidence/screenshots/059_video_h264_profile_menu.png,evidence/ui-xml/059_video_h264_profile_menu.xml,evidence/activity/059_video_h264_profile_menu_activity-top.txt,,Settings > Video > H.264 profile,Video encoder settings; current System default,CONFIRMED,
060_video_hevc_profile_menu,2026-08-15T00:49:51.3032348Z,evidence/screenshots/060_video_hevc_profile_menu.png,evidence/ui-xml/060_video_hevc_profile_menu.xml,evidence/activity/060_video_hevc_profile_menu_activity-top.txt,,Settings > Video > HEVC profile,Video encoder settings; current System default,CONFIRMED,
061_video_eis_menu,2026-08-15T00:50:19.8777926Z,evidence/screenshots/061_video_eis_menu.png,evidence/ui-xml/061_video_eis_menu.xml,evidence/activity/061_video_eis_menu_activity-top.txt,,Settings > Video > Electronic image stabilization,Vendor video enhancements; current On,CONFIRMED,
062_video_ois_menu,2026-08-15T00:50:37.2929019Z,evidence/screenshots/062_video_ois_menu.png,evidence/ui-xml/062_video_ois_menu.xml,evidence/activity/062_video_ois_menu_activity-top.txt,,Settings > Video > Optical image stabilization,Vendor video enhancements; current On,CONFIRMED,
063_video_noise_reduction_menu,2026-08-15T00:50:54.0248131Z,evidence/screenshots/063_video_noise_reduction_menu.png,evidence/ui-xml/063_video_noise_reduction_menu.xml,evidence/activity/063_video_noise_reduction_menu_activity-top.txt,,Settings > Video > Noise reduction,Vendor video enhancements; current Fast,CONFIRMED,
064_video_adaptive_bitrate_mode_menu,2026-08-15T00:51:22.7598872Z,evidence/screenshots/064_video_adaptive_bitrate_mode_menu.png,evidence/ui-xml/064_video_adaptive_bitrate_mode_menu.xml,evidence/activity/064_video_adaptive_bitrate_mode_menu_activity-top.txt,,Settings > Video > Adaptive bitrate mode,Adaptive bitrate settings; current Recommended,CONFIRMED,
065_audio_settings,2026-08-15T00:52:06.1067790Z,evidence/screenshots/065_audio_settings.png,evidence/ui-xml/065_audio_settings.xml,evidence/activity/065_audio_settings_activity-top.txt,,Settings > Audio,Audio settings default/persisted state,CONFIRMED,
066_audio_source_menu,2026-08-15T00:52:28.8202594Z,evidence/screenshots/066_audio_source_menu.png,evidence/ui-xml/066_audio_source_menu.xml,evidence/activity/066_audio_source_menu_activity-top.txt,,Settings > Audio > Audio source,Audio settings; no option changed,CONFIRMED,
067_audio_channels_menu,2026-08-15T00:52:48.7275300Z,evidence/screenshots/067_audio_channels_menu.png,evidence/ui-xml/067_audio_channels_menu.xml,evidence/activity/067_audio_channels_menu_activity-top.txt,,Settings > Audio > Audio channels,Audio settings; current Stereo,CONFIRMED,
068_audio_bitrate_menu,2026-08-15T00:53:05.2483292Z,evidence/screenshots/068_audio_bitrate_menu.png,evidence/ui-xml/068_audio_bitrate_menu.xml,evidence/activity/068_audio_bitrate_menu_activity-top.txt,,Settings > Audio > Bitrate,Audio settings; current Auto,CONFIRMED,
069_audio_bitrate_menu_lower,2026-08-15T00:53:24.8883538Z,evidence/screenshots/069_audio_bitrate_menu_lower.png,evidence/ui-xml/069_audio_bitrate_menu_lower.xml,evidence/activity/069_audio_bitrate_menu_lower_activity-top.txt,,Settings > Audio > Bitrate > scroll,Audio bitrate chooser open; no value changed,CONFIRMED,
070_audio_bitrate_menu_bottom,2026-08-15T00:53:49.7067177Z,evidence/screenshots/070_audio_bitrate_menu_bottom.png,evidence/ui-xml/070_audio_bitrate_menu_bottom.xml,evidence/activity/070_audio_bitrate_menu_bottom_activity-top.txt,,Settings > Audio > Bitrate > bottom,Audio bitrate chooser open; no value changed,CONFIRMED,
071_audio_settings_lower,2026-08-15T00:54:16.2367793Z,evidence/screenshots/071_audio_settings_lower.png,evidence/ui-xml/071_audio_settings_lower.xml,evidence/activity/071_audio_settings_lower_activity-top.txt,,Settings > Audio > scroll,Audio lower settings; persisted defaults,CONFIRMED,
072_audio_sample_rate_menu,2026-08-15T00:54:39.7045167Z,evidence/screenshots/072_audio_sample_rate_menu.png,evidence/ui-xml/072_audio_sample_rate_menu.xml,evidence/activity/072_audio_sample_rate_menu_activity-top.txt,,Settings > Audio > Sample rate,Audio settings; current 44100 Hz,CONFIRMED,
073_audio_sample_rate_menu_top,2026-08-15T00:54:58.3696335Z,evidence/screenshots/073_audio_sample_rate_menu_top.png,evidence/ui-xml/073_audio_sample_rate_menu_top.xml,evidence/activity/073_audio_sample_rate_menu_top_activity-top.txt,,Settings > Audio > Sample rate > top,Audio sample-rate chooser open; no value changed,CONFIRMED,
074_audio_input_gain_maximum,2026-08-15T00:56:31.4069228Z,evidence/screenshots/074_audio_input_gain_maximum.png,evidence/ui-xml/074_audio_input_gain_maximum.xml,evidence/activity/074_audio_input_gain_maximum_activity-top.txt,,Settings > Audio > Input gain,Input gain temporarily moved from 0.0 dB to maximum +10.0; restored after capture,CONFIRMED,"Input gain temporarily adjusted to +10 dB, then restored to 0 dB"
075_audio_processing,2026-08-15T00:57:02.4223091Z,evidence/screenshots/075_audio_processing.png,evidence/ui-xml/075_audio_processing.xml,evidence/activity/075_audio_processing_activity-top.txt,,Settings > Audio > Processing,Audio processing; input gain restored to 0.0 dB,CONFIRMED,
076_recording_settings,2026-08-15T00:57:42.6707264Z,evidence/screenshots/076_recording_settings.png,evidence/ui-xml/076_recording_settings.xml,evidence/activity/076_recording_settings_activity-top.txt,,Settings > Recording,Recording settings persisted/default state,CONFIRMED,
077_recording_section_duration_editor,2026-08-15T00:58:01.7102810Z,evidence/screenshots/077_recording_section_duration_editor.png,evidence/ui-xml/077_recording_section_duration_editor.xml,evidence/activity/077_recording_section_duration_editor_activity-top.txt,,Settings > Recording > Sections duration,Recording sections enabled; current 30 minutes; no edit submitted,CONFIRMED,
078_recording_settings_lower,2026-08-15T00:58:30.8022881Z,evidence/screenshots/078_recording_settings_lower.png,evidence/ui-xml/078_recording_settings_lower.xml,evidence/activity/078_recording_settings_lower_activity-top.txt,,Settings > Recording > scroll,Recording format/storage settings; persisted defaults,CONFIRMED,
079_recording_snapshot_format_menu,2026-08-15T00:58:50.3494997Z,evidence/screenshots/079_recording_snapshot_format_menu.png,evidence/ui-xml/079_recording_snapshot_format_menu.xml,evidence/activity/079_recording_snapshot_format_menu_activity-top.txt,,Settings > Recording > Snapshot format,Recording settings; current JPEG,CONFIRMED,
080_recording_snapshot_quality_editor,2026-08-15T00:59:07.7808417Z,evidence/screenshots/080_recording_snapshot_quality_editor.png,evidence/ui-xml/080_recording_snapshot_quality_editor.xml,evidence/activity/080_recording_snapshot_quality_editor_activity-top.txt,,Settings > Recording > Snapshot quality,Recording settings; current 90; no edit submitted,CONFIRMED,Quality choices 100/95/90/85; current value 90 retained
081_recording_snapshot_quality_menu_lower,2026-08-15T00:59:28.8247527Z,evidence/screenshots/081_recording_snapshot_quality_menu_lower.png,evidence/ui-xml/081_recording_snapshot_quality_menu_lower.xml,evidence/activity/081_recording_snapshot_quality_menu_lower_activity-top.txt,,Settings > Recording > Snapshot quality > scroll,Snapshot quality chooser open; no value changed,CONFIRMED,Same four quality choices; current value 90 retained
082_recording_save_to_control,2026-08-15T00:59:50.5050647Z,evidence/screenshots/082_recording_save_to_control.png,evidence/ui-xml/082_recording_save_to_control.xml,evidence/activity/082_recording_save_to_control_activity-top.txt,,Settings > Recording > Save to,Recording storage destination control opened; no destination changed,CONFIRMED,Storage Access Framework handoff; no destination changed
083_display_settings,2026-08-15T01:00:28.4687184Z,evidence/screenshots/083_display_settings.png,evidence/ui-xml/083_display_settings.xml,evidence/activity/083_display_settings_activity-top.txt,,Settings > Display,Display settings persisted/default state,CONFIRMED,
084_streamer_home_grid_enabled,2026-08-15T01:00:54.8910444Z,evidence/screenshots/084_streamer_home_grid_enabled.png,evidence/ui-xml/084_streamer_home_grid_enabled.xml,evidence/activity/084_streamer_home_grid_enabled_activity-top.txt,,Settings > Display > Grid 3x3; return to streamer,Grid 3x3 temporarily enabled; restored after capture,CONFIRMED,3×3 grid preview; setting restored off
085_streamer_home_safe_margins_enabled,2026-08-15T01:02:00.9903620Z,evidence/screenshots/085_streamer_home_safe_margins_enabled.png,evidence/ui-xml/085_streamer_home_safe_margins_enabled.xml,evidence/activity/085_streamer_home_safe_margins_enabled_activity-top.txt,,Settings > Display > Show safe margins; return to streamer,Grid restored off; safe margins temporarily enabled; restored after capture,CONFIRMED,Safe-margin preview; setting restored off
086_streamer_home_audio_meter_hidden,2026-08-15T01:02:32.5785325Z,evidence/screenshots/086_streamer_home_audio_meter_hidden.png,evidence/ui-xml/086_streamer_home_audio_meter_hidden.xml,evidence/activity/086_streamer_home_audio_meter_hidden_activity-top.txt,,Settings > Display > Show audio level meter; return to streamer,Safe margins restored off; audio level meter temporarily hidden; restored after capture,CONFIRMED,Audio meter hidden; setting restored on
087_display_safe_margin_controls,2026-08-15T01:03:11.8323435Z,evidence/screenshots/087_display_safe_margin_controls.png,evidence/ui-xml/087_display_safe_margin_controls.xml,evidence/activity/087_display_safe_margin_controls_activity-top.txt,,Settings > Display > Show safe margins,Safe margins temporarily enabled; reveals ratio and indent controls; audio meter temporarily off,CONFIRMED,
088_display_safe_margin_ratio_menu,2026-08-15T01:03:32.3365899Z,evidence/screenshots/088_display_safe_margin_ratio_menu.png,evidence/ui-xml/088_display_safe_margin_ratio_menu.xml,evidence/activity/088_display_safe_margin_ratio_menu_activity-top.txt,,Settings > Display > Safe margins ratios,Safe margins temporarily enabled; current 16:9 (1.78); no value changed,CONFIRMED,
089_display_safe_margin_ratio_menu_lower,2026-08-15T01:03:55.4327040Z,evidence/screenshots/089_display_safe_margin_ratio_menu_lower.png,evidence/ui-xml/089_display_safe_margin_ratio_menu_lower.xml,evidence/activity/089_display_safe_margin_ratio_menu_lower_activity-top.txt,,Settings > Display > Safe margins ratios > scroll,Safe margin ratio multi-select open; no changes submitted,CONFIRMED,
090_display_safe_margin_indent_maximum,2026-08-15T01:05:00.6620254Z,evidence/screenshots/090_display_safe_margin_indent_maximum.png,evidence/ui-xml/090_display_safe_margin_indent_maximum.xml,evidence/activity/090_display_safe_margin_indent_maximum_activity-top.txt,,Settings > Display > Safe margin indent,Safe margin indent temporarily moved from 5% to maximum 20%; restored after capture,CONFIRMED,Safe-margin indent temporarily set to 20%; restored to 5%
091_overlays_list,2026-08-15T01:05:46.2486847Z,evidence/screenshots/091_overlays_list.png,evidence/ui-xml/091_overlays_list.xml,evidence/activity/091_overlays_list_activity-top.txt,,Settings > Overlays,Overlay settings persisted/default state,CONFIRMED,
092_text_picture_overlays_empty,2026-08-15T01:06:05.8954817Z,evidence/screenshots/092_text_picture_overlays_empty.png,evidence/ui-xml/092_text_picture_overlays_empty.xml,evidence/activity/092_text_picture_overlays_empty_activity-top.txt,,Settings > Overlays > Text/Picture Overlays,Text/picture overlay list; no user overlay records present,CONFIRMED,
093_text_picture_overlay_layers,2026-08-15T01:06:31.2957971Z,evidence/screenshots/093_text_picture_overlay_layers.png,evidence/ui-xml/093_text_picture_overlay_layers.xml,evidence/activity/093_text_picture_overlay_layers_activity-top.txt,,Settings > Overlays > Text/Picture Overlays > scroll,Text/picture overlay layer list; no records modified,CONFIRMED,
094_overlay_timestamp_editor,2026-08-15T01:07:23.9374583Z,evidence/screenshots/094_overlay_timestamp_editor.png,evidence/ui-xml/094_overlay_timestamp_editor.xml,evidence/activity/094_overlay_timestamp_editor_activity-top.txt,,Settings > Overlays > Text/Picture Overlays > Timestamp checkbox,Built-in Timestamp layer temporarily enabled; restored after preview capture,CONFIRMED,Timestamp checkbox enabled in list; no editor shown; restored off
095_streamer_home_timestamp_overlay,2026-08-15T01:07:42.7121990Z,evidence/screenshots/095_streamer_home_timestamp_overlay.png,evidence/ui-xml/095_streamer_home_timestamp_overlay.xml,evidence/activity/095_streamer_home_timestamp_overlay_activity-top.txt,,Settings > Overlays > Text/Picture Overlays > Timestamp; return to streamer,Built-in Timestamp layer temporarily enabled; restored after capture,CONFIRMED,Built-in Timestamp layer active; restored off
096_overlay_new_layer_type_menu,2026-08-15T01:09:38.9664369Z,evidence/screenshots/096_overlay_new_layer_type_menu.png,evidence/ui-xml/096_overlay_new_layer_type_menu.xml,evidence/activity/096_overlay_new_layer_type_menu_activity-top.txt,,Settings > Overlays > Text/Picture Overlays > New layer,New text/picture overlay flow; no record saved,CONFIRMED,New Picture layer default form; draft discarded
097_overlay_layer_type_menu,2026-08-15T01:10:07.4553513Z,evidence/screenshots/097_overlay_layer_type_menu.png,evidence/ui-xml/097_overlay_layer_type_menu.xml,evidence/activity/097_overlay_layer_type_menu_activity-top.txt,,Settings > Overlays > Text/Picture Overlays > New layer > Type,New layer form; default Picture; no record saved,CONFIRMED,
098_overlay_new_text_layer_form,2026-08-15T01:10:58.1514877Z,evidence/screenshots/098_overlay_new_text_layer_form.png,evidence/ui-xml/098_overlay_new_text_layer_form.xml,evidence/activity/098_overlay_new_text_layer_form_activity-top.txt,,Settings > Overlays > Text/Picture Overlays > New layer > Text,New Text layer draft; no record saved,CONFIRMED,
099_overlay_new_text_layer_form_lower,2026-08-15T01:11:19.4166073Z,evidence/screenshots/099_overlay_new_text_layer_form_lower.png,evidence/ui-xml/099_overlay_new_text_layer_form_lower.xml,evidence/activity/099_overlay_new_text_layer_form_lower_activity-top.txt,,Settings > Overlays > Text/Picture Overlays > New layer > Text > scroll,New Text layer draft; no record saved,CONFIRMED,
100_overlay_new_text_layer_form_actions,2026-08-15T01:11:49.6019080Z,evidence/screenshots/100_overlay_new_text_layer_form_actions.png,evidence/ui-xml/100_overlay_new_text_layer_form_actions.xml,evidence/activity/100_overlay_new_text_layer_form_actions_activity-top.txt,,Settings > Overlays > Text/Picture Overlays > New layer > Text > bottom,New Text layer draft; Cancel and Save actions visible; no record saved,CONFIRMED,
101_overlay_blank_save_validation,2026-08-15T01:12:06.8898705Z,evidence/screenshots/101_overlay_blank_save_validation.png,evidence/ui-xml/101_overlay_blank_save_validation.xml,evidence/activity/101_overlay_blank_save_validation_activity-top.txt,,Settings > Overlays > Text/Picture Overlays > New layer > Save,Blank Text layer draft; validation attempted; no record saved,CONFIRMED,Blank HTML Save validation toast; draft discarded
102_overlay_manage_layers,2026-08-15T01:12:38.3890585Z,evidence/screenshots/102_overlay_manage_layers.png,evidence/ui-xml/102_overlay_manage_layers.xml,evidence/activity/102_overlay_manage_layers_activity-top.txt,,Settings > Overlays > Text/Picture Overlays > Manage layers,Manage text/picture layers; only built-in Timestamp present; no record changed,CONFIRMED,
103_overlay_timestamp_edit_form,2026-08-15T01:12:57.3017656Z,evidence/screenshots/103_overlay_timestamp_edit_form.png,evidence/ui-xml/103_overlay_timestamp_edit_form.xml,evidence/activity/103_overlay_timestamp_edit_form_activity-top.txt,,Settings > Overlays > Text/Picture Overlays > Manage layers > Timestamp,Built-in Timestamp edit form; no changes submitted,CONFIRMED,
104_overlay_timestamp_refresh_controls,2026-08-15T01:13:18.8992685Z,evidence/screenshots/104_overlay_timestamp_refresh_controls.png,evidence/ui-xml/104_overlay_timestamp_refresh_controls.xml,evidence/activity/104_overlay_timestamp_refresh_controls_activity-top.txt,,Settings > Overlays > Text/Picture Overlays > Manage layers > Timestamp > scroll,Built-in Timestamp edit form; no changes submitted,CONFIRMED,
105_overlay_standby_selector,2026-08-15T01:13:56.8957179Z,evidence/screenshots/105_overlay_standby_selector.png,evidence/ui-xml/105_overlay_standby_selector.xml,evidence/activity/105_overlay_standby_selector_activity-top.txt,,Settings > Overlays > Text/Picture Overlays > Standby overlays,Standby overlay multi-select; no changes submitted,CONFIRMED,
106_overlay_pause_selector,2026-08-15T01:14:16.9020228Z,evidence/screenshots/106_overlay_pause_selector.png,evidence/ui-xml/106_overlay_pause_selector.xml,evidence/activity/106_overlay_pause_selector_activity-top.txt,,Settings > Overlays > Text/Picture Overlays > Pause overlays,Pause overlay multi-select; no changes submitted,CONFIRMED,
107_web_overlays_settings,2026-08-15T01:14:50.1556944Z,evidence/screenshots/107_web_overlays_settings.png,evidence/ui-xml/107_web_overlays_settings.xml,evidence/activity/107_web_overlays_settings_activity-top.txt,,Settings > Overlays > Web Overlays,Web overlay settings persisted/default state,CONFIRMED,
108_web_overlay_new_form,2026-08-15T01:15:09.1998259Z,evidence/screenshots/108_web_overlay_new_form.png,evidence/ui-xml/108_web_overlay_new_form.xml,evidence/activity/108_web_overlay_new_form_activity-top.txt,,Settings > Overlays > Web Overlays > New web overlay,New web overlay draft; no record saved,CONFIRMED,
109_web_overlay_new_form_lower,2026-08-15T01:15:32.0720560Z,evidence/screenshots/109_web_overlay_new_form_lower.png,evidence/ui-xml/109_web_overlay_new_form_lower.xml,evidence/activity/109_web_overlay_new_form_lower_activity-top.txt,,Settings > Overlays > Web Overlays > New web overlay > scroll,New web overlay draft; no record saved,CONFIRMED,"Lower form with position, z-order, and width"
110_web_overlay_webview_options,2026-08-15T01:15:52.9346833Z,evidence/screenshots/110_web_overlay_webview_options.png,evidence/ui-xml/110_web_overlay_webview_options.xml,evidence/activity/110_web_overlay_webview_options_activity-top.txt,,Settings > Overlays > Web Overlays > New web overlay > WebView options,New web overlay draft; no record saved,CONFIRMED,"Bottom form with height, scale, Cancel, and Save; draft discarded"
111_web_overlay_view_mode_menu,2026-08-15T01:16:24.4839799Z,evidence/screenshots/111_web_overlay_view_mode_menu.png,evidence/ui-xml/111_web_overlay_view_mode_menu.xml,evidence/activity/111_web_overlay_view_mode_menu_activity-top.txt,,Settings > Overlays > Web Overlays > New web overlay > View mode,New web overlay draft; current Preview + stream; no record saved,CONFIRMED,
112_web_overlay_position_menu,2026-08-15T01:16:47.0316636Z,evidence/screenshots/112_web_overlay_position_menu.png,evidence/ui-xml/112_web_overlay_position_menu.xml,evidence/activity/112_web_overlay_position_menu_activity-top.txt,,Settings > Overlays > Web Overlays > New web overlay > Position,New web overlay draft; current Center; no record saved,CONFIRMED,
113_web_overlay_custom_position_fields,2026-08-15T01:17:39.0874111Z,evidence/screenshots/113_web_overlay_custom_position_fields.png,evidence/ui-xml/113_web_overlay_custom_position_fields.xml,evidence/activity/113_web_overlay_custom_position_fields_activity-top.txt,,Settings > Overlays > Web Overlays > New web overlay > Position > Custom,New web overlay draft; custom position selected only in unsaved draft,CONFIRMED,Custom position selected in unsaved draft
114_web_overlay_custom_position_coordinates,2026-08-15T01:18:00.4618957Z,evidence/screenshots/114_web_overlay_custom_position_coordinates.png,evidence/ui-xml/114_web_overlay_custom_position_coordinates.xml,evidence/activity/114_web_overlay_custom_position_coordinates_activity-top.txt,,Settings > Overlays > Web Overlays > New web overlay > Position > Custom > scroll,New web overlay draft; custom position coordinate controls; no record saved,CONFIRMED,Custom right/bottom coordinates inherited from prior bottom-right selection; draft discarded
115_web_overlay_manage_empty,2026-08-15T01:18:34.4451892Z,evidence/screenshots/115_web_overlay_manage_empty.png,evidence/ui-xml/115_web_overlay_manage_empty.xml,evidence/activity/115_web_overlay_manage_empty_activity-top.txt,,Settings > Overlays > Web Overlays > Manage web overlays,Manage web overlays; no user web overlays present,CONFIRMED,
116_import_export_settings,2026-08-15T01:19:05.6450676Z,evidence/screenshots/116_import_export_settings.png,evidence/ui-xml/116_import_export_settings.xml,evidence/activity/116_import_export_settings_activity-top.txt,,Settings > Import/Export Settings,Import/export controls; no import or export performed,CONFIRMED,
117_import_settings_file_picker,2026-08-15T01:19:30.6710745Z,evidence/screenshots/117_import_settings_file_picker.png,evidence/ui-xml/117_import_settings_file_picker.xml,evidence/activity/117_import_settings_file_picker_activity-top.txt,,Settings > Import/Export Settings > Import settings,Android file picker opened; no file selected or imported,CONFIRMED,"larix:// text-entry dialog; filename is a legacy capture label, not a file picker"
118_import_scan_qr_handoff,2026-08-15T01:20:18.1370633Z,evidence/screenshots/118_import_scan_qr_handoff.png,evidence/ui-xml/118_import_scan_qr_handoff.xml,evidence/activity/118_import_scan_qr_handoff_activity-top.txt,,Settings > Import/Export Settings > Scan QR code,QR scan handoff opened; no QR scanned or settings imported,CONFIRMED,Install Barcode Scanner prompt; declined
119_settings_root_lower,2026-08-15T01:22:20.5468894Z,evidence/screenshots/119_settings_root_lower.png,evidence/ui-xml/119_settings_root_lower.xml,evidence/activity/119_settings_root_lower_activity-top.txt,,Main > Settings > scroll,"Settings root, lower categories visible",CONFIRMED,
120_advanced_options,2026-08-15T01:22:24.6398937Z,evidence/screenshots/120_advanced_options.png,evidence/ui-xml/120_advanced_options.xml,evidence/activity/120_advanced_options_activity-top.txt,,Main > Settings > Advanced options,Advanced options default state,CONFIRMED,
121_advanced_options_mid,2026-08-15T01:22:57.6983336Z,evidence/screenshots/121_advanced_options_mid.png,evidence/ui-xml/121_advanced_options_mid.xml,evidence/activity/121_advanced_options_mid_activity-top.txt,,Main > Settings > Advanced options > scroll,"Advanced options defaults, middle section",CONFIRMED,
122_advanced_options_lower,2026-08-15T01:23:02.2518495Z,evidence/screenshots/122_advanced_options_lower.png,evidence/ui-xml/122_advanced_options_lower.xml,evidence/activity/122_advanced_options_lower_activity-top.txt,,Main > Settings > Advanced options > scroll lower,"Advanced options defaults, lower section",CONFIRMED,
123_advanced_options_bottom,2026-08-15T01:23:13.4710112Z,evidence/screenshots/123_advanced_options_bottom.png,evidence/ui-xml/123_advanced_options_bottom.xml,evidence/activity/123_advanced_options_bottom_activity-top.txt,,Main > Settings > Advanced options > scroll bottom,"Advanced options defaults, bottom section",CONFIRMED,
124_advanced_webviews,2026-08-15T01:23:43.1791069Z,evidence/screenshots/124_advanced_webviews.png,evidence/ui-xml/124_advanced_webviews.xml,evidence/activity/124_advanced_webviews_activity-top.txt,,Main > Settings > Advanced options > scroll near bottom,"Advanced options defaults, WebViews section",CONFIRMED,
125_advanced_bottommost,2026-08-15T01:23:47.8094146Z,evidence/screenshots/125_advanced_bottommost.png,evidence/ui-xml/125_advanced_bottommost.xml,evidence/activity/125_advanced_bottommost_activity-top.txt,,Main > Settings > Advanced options > scroll bottommost,"Advanced options defaults, bottommost section",CONFIRMED,
126_preferred_camera_api_dialog,2026-08-15T01:24:27.2045185Z,evidence/screenshots/126_preferred_camera_api_dialog.png,evidence/ui-xml/126_preferred_camera_api_dialog.xml,evidence/activity/126_preferred_camera_api_dialog_activity-top.txt,,Main > Settings > Advanced options > Preferred camera API,Preferred camera API selection dialog,CONFIRMED,Preferred camera API row is disabled on this device; no dialog opened
127_volume_keys_dialog,2026-08-15T01:24:59.5910001Z,evidence/screenshots/127_volume_keys_dialog.png,evidence/ui-xml/127_volume_keys_dialog.xml,evidence/activity/127_volume_keys_dialog_activity-top.txt,,Main > Settings > Advanced options > Volume keys,"Volume key action selection dialog, current default unchanged",CONFIRMED,
128_help_support,2026-08-15T01:25:37.4830559Z,evidence/screenshots/128_help_support.png,evidence/ui-xml/128_help_support.xml,evidence/activity/128_help_support_activity-top.txt,,Main > Settings > Help & support,Help & support root; no external actions invoked,CONFIRMED,
129_about_irl_pro,2026-08-15T01:25:41.5776101Z,evidence/screenshots/129_about_irl_pro.png,evidence/ui-xml/129_about_irl_pro.xml,evidence/activity/129_about_irl_pro_activity-top.txt,,Main > Settings > Help & support > About IRL Pro,About dialog,CONFIRMED,
130_live_console_overflow,2026-08-15T01:26:19.1363470Z,evidence/screenshots/130_live_console_overflow.png,evidence/ui-xml/130_live_console_overflow.xml,evidence/activity/130_live_console_overflow_activity-top.txt,,Main > overflow menu,"Idle live console, no configured connection",CONFIRMED,"Camera tab, upper controls"
131_live_console_camera_lower,2026-08-15T01:26:35.7551978Z,evidence/screenshots/131_live_console_camera_lower.png,evidence/ui-xml/131_live_console_camera_lower.xml,evidence/activity/131_live_console_camera_lower_activity-top.txt,,Main > overflow > Camera > scroll,"Idle live console camera controls, rear 73 degree camera, defaults",CONFIRMED,"Camera tab, lower controls"
132_live_console_network,2026-08-15T01:26:52.2873812Z,evidence/screenshots/132_live_console_network.png,evidence/ui-xml/132_live_console_network.xml,evidence/activity/132_live_console_network_activity-top.txt,,Main > overflow > Network,"Idle live console, network tab",CONFIRMED,"Network tab, bitrate controls"
133_live_console_network_lower,2026-08-15T01:27:04.2724175Z,evidence/screenshots/133_live_console_network_lower.png,evidence/ui-xml/133_live_console_network_lower.xml,evidence/activity/133_live_console_network_lower_activity-top.txt,,Main > overflow > Network > scroll,"Idle live console, network controls defaults",CONFIRMED,"Network tab, bonding controls"
134_live_console_network_stats,2026-08-15T01:27:16.4470405Z,evidence/screenshots/134_live_console_network_stats.png,evidence/ui-xml/134_live_console_network_stats.xml,evidence/activity/134_live_console_network_stats_activity-top.txt,,Main > overflow > Network > scroll bottom,"Idle live console, no active stream; network stats at rest",CONFIRMED,Network tab at bottom; idle Stats section
135_live_console_display,2026-08-15T01:27:32.5424741Z,evidence/screenshots/135_live_console_display.png,evidence/ui-xml/135_live_console_display.xml,evidence/activity/135_live_console_display_activity-top.txt,,Main > overflow > Display,"Idle live console, display tab; defaults restored",CONFIRMED,Display tab
136_live_console_overlays,2026-08-15T01:27:47.5926709Z,evidence/screenshots/136_live_console_overlays.png,evidence/ui-xml/136_live_console_overlays.xml,evidence/activity/136_live_console_overlays_activity-top.txt,,Main > overflow > Overlays,Idle live console; Timestamp and all custom layers inactive,CONFIRMED,Overlays tab; Timestamp inactive
137_live_console_audio,2026-08-15T01:27:59.0170290Z,evidence/screenshots/137_live_console_audio.png,evidence/ui-xml/137_live_console_audio.xml,evidence/activity/137_live_console_audio_activity-top.txt,,Main > overflow > Audio,Idle live console; audio capture active; microphone unmuted,CONFIRMED,Audio tab; input gain 0 dB
138_live_console_log,2026-08-15T01:28:11.1640694Z,evidence/screenshots/138_live_console_log.png,evidence/ui-xml/138_live_console_log.xml,evidence/activity/138_live_console_log_activity-top.txt,,Main > overflow > Log,Idle live console; no stream attempt in this session,CONFIRMED,Log tab; idle capture pipeline diagnostics
139_live_console_microphone_muted,2026-08-15T01:28:46.4038234Z,evidence/screenshots/139_live_console_microphone_muted.png,evidence/ui-xml/139_live_console_microphone_muted.xml,evidence/activity/139_live_console_microphone_muted_activity-top.txt,,Main > microphone toggle,Idle live console; microphone toggled from unmuted to muted,CONFIRMED,Microphone muted; restored unmuted
140_live_console_front_camera,2026-08-15T01:29:07.0548835Z,evidence/screenshots/140_live_console_front_camera.png,evidence/ui-xml/140_live_console_front_camera.xml,evidence/activity/140_live_console_front_camera_activity-top.txt,,Main > flip camera,Idle live console; switched from rear camera to front camera,CONFIRMED,67° front camera selected; restored to 73° rear
141_live_console_rear_ultrawide,2026-08-15T01:29:26.9289336Z,evidence/screenshots/141_live_console_rear_ultrawide.png,evidence/ui-xml/141_live_console_rear_ultrawide.xml,evidence/activity/141_live_console_rear_ultrawide_activity-top.txt,,Main > rear lens 103 degrees,Idle live console; switched from 73-degree rear camera to 103-degree rear camera,CONFIRMED,103° rear camera selected; restored to 73° rear
142_start_without_connection,2026-08-15T01:29:42.4082917Z,evidence/screenshots/142_start_without_connection.png,evidence/ui-xml/142_start_without_connection.xml,evidence/activity/142_start_without_connection_activity-top.txt,,Main > Start broadcast,Idle live console; no outgoing connection configured,CONFIRMED,No active connections validation
143_live_console_refresh,2026-08-15T01:29:59.0441615Z,evidence/screenshots/143_live_console_refresh.png,evidence/ui-xml/143_live_console_refresh.xml,evidence/activity/143_live_console_refresh_activity-top.txt,,Main > refresh control,Idle live console; refresh/reload control activated once,CONFIRMED,Reload-chat-and-web-overlays toast
144_cold_launch_loaded,2026-08-15T01:31:06.7081770Z,evidence/screenshots/144_cold_launch_loaded.png,evidence/ui-xml/144_cold_launch_loaded.xml,evidence/activity/144_cold_launch_loaded_activity-top.txt,evidence/recordings/flow_002_cold_launch_actual.mp4,Force-stop > launch activity,App force-stopped without clearing data; settings preserved,CONFIRMED,True COLD launch: TotalTime 330 ms; recording trimmed to remove the personal launcher surface.
145_background_resume_loaded,2026-08-15T01:31:11.9746051Z,evidence/screenshots/145_background_resume_loaded.png,evidence/ui-xml/145_background_resume_loaded.xml,evidence/activity/145_background_resume_loaded_activity-top.txt,,Main > Home/background > relaunch,App warm in background; no active stream,CONFIRMED,Settled state after Home/background and hot resume
