screen_id,screen_name,state_name,surface_type,classification,package_name,activity,navigation_path,screenshot,ui_xml,interactive_elements,directly_unlabeled_actionable,explicit_uiautomator_naf_nodes,potential_sub_48dp_targets,notes
001_streamer_home_default,Live console,Idle rear-camera preview; defaults,live_console_state,CONFIRMED,app.irlpro.android,com.wmspanel.streamer.StreamerServiceActivity,Android launcher > IRL Pro,evidence/screenshots/001_streamer_home_default.png,evidence/ui-xml/001_streamer_home_default.xml,11,7,7,9,Idle rear-camera preview; defaults
002_settings_root,Settings Root,settings root,settings_screen,CONFIRMED,app.irlpro.android,com.wmspanel.streamer.preference.SettingsActivity,001 streamer home > Settings gear,evidence/screenshots/002_settings_root.png,evidence/ui-xml/002_settings_root.xml,6,0,0,1,settings root
003_settings_root_scrolled,Settings Root Scrolled,settings root scrolled,settings_screen,CONFIRMED,app.irlpro.android,com.wmspanel.streamer.preference.SettingsActivity,002 settings root > swipe upward,evidence/screenshots/003_settings_root_scrolled.png,evidence/ui-xml/003_settings_root_scrolled.xml,9,1,0,2,settings root scrolled
004_settings_root_bottom,Settings Root Bottom,settings root bottom,settings_screen,CONFIRMED,app.irlpro.android,com.wmspanel.streamer.preference.SettingsActivity,003 settings root scrolled > swipe upward,evidence/screenshots/004_settings_root_bottom.png,evidence/ui-xml/004_settings_root_bottom.xml,8,0,0,1,settings root bottom
005_settings_root_final,Settings Root Final,settings root final,settings_screen,CONFIRMED,app.irlpro.android,com.wmspanel.streamer.preference.SettingsActivity,004 settings root bottom > swipe upward,evidence/screenshots/005_settings_root_final.png,evidence/ui-xml/005_settings_root_final.xml,8,0,0,1,settings root final
006_streamer_settings,Streamer Settings,streamer settings,settings_screen,CONFIRMED,app.irlpro.android,com.wmspanel.streamer.preference.SettingsActivity,002 settings root > Streamer,evidence/screenshots/006_streamer_settings.png,evidence/ui-xml/006_streamer_settings.xml,8,2,0,3,streamer settings
007_streamer_settings_chat_scrolled,Streamer Settings Chat Scrolled,streamer settings chat scrolled,settings_screen,CONFIRMED,app.irlpro.android,com.wmspanel.streamer.preference.SettingsActivity,006 streamer settings > swipe upward,evidence/screenshots/007_streamer_settings_chat_scrolled.png,evidence/ui-xml/007_streamer_settings_chat_scrolled.xml,12,5,0,6,streamer settings chat scrolled
008_streamer_settings_dashboard,Streamer Settings Dashboard,streamer settings dashboard,settings_screen,CONFIRMED,app.irlpro.android,com.wmspanel.streamer.preference.SettingsActivity,007 streamer settings > swipe upward,evidence/screenshots/008_streamer_settings_dashboard.png,evidence/ui-xml/008_streamer_settings_dashboard.xml,7,2,0,2,streamer settings dashboard
009_streamer_settings_alerts,Streamer Settings Alerts,streamer settings alerts,settings_screen,CONFIRMED,app.irlpro.android,com.wmspanel.streamer.preference.SettingsActivity,008 streamer settings > swipe upward,evidence/screenshots/009_streamer_settings_alerts.png,evidence/ui-xml/009_streamer_settings_alerts.xml,7,1,0,2,streamer settings alerts
010_streamer_settings_custom_page,Streamer Settings Custom Page,streamer settings custom page,settings_screen,CONFIRMED,app.irlpro.android,com.wmspanel.streamer.preference.SettingsActivity,009 streamer settings > swipe upward,evidence/screenshots/010_streamer_settings_custom_page.png,evidence/ui-xml/010_streamer_settings_custom_page.xml,7,1,0,1,streamer settings custom page
011_streamer_settings_final,Streamer Settings Final,streamer settings final,settings_screen,CONFIRMED,app.irlpro.android,com.wmspanel.streamer.preference.SettingsActivity,010 streamer settings > swipe upward,evidence/screenshots/011_streamer_settings_final.png,evidence/ui-xml/011_streamer_settings_final.xml,7,1,0,1,streamer settings final
012_custom_page_url_dialog,Custom Page Url Dialog,custom page url dialog,dialog,CONFIRMED,app.irlpro.android,com.wmspanel.streamer.preference.SettingsActivity,011 streamer options bottom > Custom Page > hide keyboard,evidence/screenshots/012_custom_page_url_dialog.png,evidence/ui-xml/012_custom_page_url_dialog.xml,3,1,1,0,custom page url dialog
013_alert_dashboard_scale_dialog,Alert Dashboard Scale Dialog,alert dashboard scale dialog,dialog,CONFIRMED,app.irlpro.android,com.wmspanel.streamer.preference.SettingsActivity,011 streamer options bottom > Alert dashboard scale > hide keyboard,evidence/screenshots/013_alert_dashboard_scale_dialog.png,evidence/ui-xml/013_alert_dashboard_scale_dialog.xml,3,0,0,0,alert dashboard scale dialog
014_chat_font_scale_dialog,Chat Font Scale Dialog,chat font scale dialog,dialog,CONFIRMED,app.irlpro.android,com.wmspanel.streamer.preference.SettingsActivity,Streamer options > Chat font scale > hide keyboard,evidence/screenshots/014_chat_font_scale_dialog.png,evidence/ui-xml/014_chat_font_scale_dialog.xml,3,0,0,0,chat font scale dialog
015_streamer_platform_icons_enabled,Streamer options,"Platform-icons switch temporarily enabled, then restored",settings_screen,CONFIRMED,app.irlpro.android,com.wmspanel.streamer.preference.SettingsActivity,Streamer options > toggle Show platform icons on,evidence/screenshots/015_streamer_platform_icons_enabled.png,evidence/ui-xml/015_streamer_platform_icons_enabled.xml,11,4,0,4,"Platform-icons switch temporarily enabled, then restored"
016_bonding_settings,Bonding Settings,bonding settings,settings_screen,CONFIRMED,app.irlpro.android,com.wmspanel.streamer.preference.SettingsActivity,Settings root > Bonding,evidence/screenshots/016_bonding_settings.png,evidence/ui-xml/016_bonding_settings.xml,4,1,0,2,bonding settings
017_bonding_mode_controls,Bonding Mode Controls,bonding mode controls,settings_screen,CONFIRMED,app.irlpro.android,com.wmspanel.streamer.preference.SettingsActivity,016 bonding settings > swipe upward,evidence/screenshots/017_bonding_mode_controls.png,evidence/ui-xml/017_bonding_mode_controls.xml,8,3,0,4,bonding mode controls
018_bonding_link_weights,Bonding Link Weights,bonding link weights,settings_screen,CONFIRMED,app.irlpro.android,com.wmspanel.streamer.preference.SettingsActivity,017 bonding settings > swipe upward,evidence/screenshots/018_bonding_link_weights.png,evidence/ui-xml/018_bonding_link_weights.xml,12,5,0,2,bonding link weights
019_bonding_link_weights_lower,Bonding Link Weights Lower,bonding link weights lower,settings_screen,CONFIRMED,app.irlpro.android,com.wmspanel.streamer.preference.SettingsActivity,018 bonding settings > swipe upward,evidence/screenshots/019_bonding_link_weights_lower.png,evidence/ui-xml/019_bonding_link_weights_lower.xml,12,5,0,3,bonding link weights lower
020_bonding_wifi_weight_adjusted,Bonding options,"Wi-Fi weight temporarily set to 50, then restored to 100",settings_screen,CONFIRMED,app.irlpro.android,com.wmspanel.streamer.preference.SettingsActivity,Bonding settings > adjust Wi-Fi weight slider to midpoint,evidence/screenshots/020_bonding_wifi_weight_adjusted.png,evidence/ui-xml/020_bonding_wifi_weight_adjusted.xml,12,5,0,3,"Wi-Fi weight temporarily set to 50, then restored to 100"
021_connections_list_empty,Connections List Empty,connections list empty,settings_screen,CONFIRMED,app.irlpro.android,com.wmspanel.streamer.preference.SettingsActivity,Settings root > Connections,evidence/screenshots/021_connections_list_empty.png,evidence/ui-xml/021_connections_list_empty.xml,4,0,0,0,connections list empty
022_new_connection_protocol_menu,New outgoing connection,Default empty form; protocol-specific fields appear after a recognized URL is entered,settings_screen,CONFIRMED,app.irlpro.android,com.wmspanel.streamer.preference.ConnectionWizard,Connections > New connection,evidence/screenshots/022_new_connection_protocol_menu.png,evidence/ui-xml/022_new_connection_protocol_menu.xml,7,0,0,2,Default empty form; protocol-specific fields appear after a recognized URL is entered
023_new_connection_form_bottom,New outgoing connection,"Default form, lower actions",settings_screen,CONFIRMED,app.irlpro.android,com.wmspanel.streamer.preference.ConnectionWizard,022 new outgoing connection > swipe upward,evidence/screenshots/023_new_connection_form_bottom.png,evidence/ui-xml/023_new_connection_form_bottom.xml,9,0,0,4,"Default form, lower actions"
024_new_connection_invalid_url,New outgoing connection,Incomplete form; URL empty and Save disabled; no record saved,settings_screen,CONFIRMED,app.irlpro.android,com.wmspanel.streamer.preference.ConnectionWizard,New outgoing connection > enter test name and malformed URL > hide keyboard,evidence/screenshots/024_new_connection_invalid_url.png,evidence/ui-xml/024_new_connection_invalid_url.xml,9,0,0,4,Incomplete form; URL empty and Save disabled; no record saved
025_new_connection_rtmp_fields,New Connection Rtmp Fields,new connection rtmp fields,settings_screen,CONFIRMED,app.irlpro.android,com.wmspanel.streamer.preference.ConnectionWizard,New outgoing connection > enter reserved-host RTMP URL > hide keyboard,evidence/screenshots/025_new_connection_rtmp_fields.png,evidence/ui-xml/025_new_connection_rtmp_fields.xml,7,0,0,2,new connection rtmp fields
026_new_connection_rtmp_advanced,New Connection Rtmp Advanced,new connection rtmp advanced,settings_screen,CONFIRMED,app.irlpro.android,com.wmspanel.streamer.preference.ConnectionWizard,025 RTMP connection form > swipe upward,evidence/screenshots/026_new_connection_rtmp_advanced.png,evidence/ui-xml/026_new_connection_rtmp_advanced.xml,10,0,0,5,new connection rtmp advanced
027_rtmp_target_type_menu,Rtmp Target Type Menu,rtmp target type menu,selection_dialog,CONFIRMED,app.irlpro.android,com.wmspanel.streamer.preference.ConnectionWizard,RTMP connection form > Target type dropdown,evidence/screenshots/027_rtmp_target_type_menu.png,evidence/ui-xml/027_rtmp_target_type_menu.xml,5,0,0,0,rtmp target type menu
028_rtmp_authorization_fields,Rtmp Authorization Fields,rtmp authorization fields,settings_screen,CONFIRMED,app.irlpro.android,com.wmspanel.streamer.preference.ConnectionWizard,RTMP connection form > Target type > RTMP authorization > swipe to fields,evidence/screenshots/028_rtmp_authorization_fields.png,evidence/ui-xml/028_rtmp_authorization_fields.xml,10,0,0,3,rtmp authorization fields
029_manage_connections_empty,Manage Connections Empty,manage connections empty,settings_screen,CONFIRMED,app.irlpro.android,com.wmspanel.streamer.preference.SettingsActivity,Connections > Manage connections,evidence/screenshots/029_manage_connections_empty.png,evidence/ui-xml/029_manage_connections_empty.xml,3,0,0,0,manage connections empty
030_twitch_quick_setup_form,Twitch Quick Setup Form,twitch quick setup form,dialog,CONFIRMED,app.irlpro.android,com.wmspanel.streamer.preference.ConnectionWizard,Manage connections > New connection > TWITCH.TV,evidence/screenshots/030_twitch_quick_setup_form.png,evidence/ui-xml/030_twitch_quick_setup_form.xml,4,0,0,2,twitch quick setup form
031_kick_quick_setup_form,Kick Quick Setup Form,kick quick setup form,dialog,CONFIRMED,app.irlpro.android,com.wmspanel.streamer.preference.ConnectionWizard,New outgoing connection > KICK.COM,evidence/screenshots/031_kick_quick_setup_form.png,evidence/ui-xml/031_kick_quick_setup_form.xml,5,0,0,3,kick quick setup form
032_video_settings,Video Settings,video settings,settings_screen,CONFIRMED,app.irlpro.android,com.wmspanel.streamer.preference.SettingsActivity,Settings root > Video,evidence/screenshots/032_video_settings.png,evidence/ui-xml/032_video_settings.xml,6,0,0,0,video settings
033_video_resolution_fps,Video Resolution Fps,video resolution fps,settings_screen,CONFIRMED,app.irlpro.android,com.wmspanel.streamer.preference.SettingsActivity,032 video parameters > swipe upward,evidence/screenshots/033_video_resolution_fps.png,evidence/ui-xml/033_video_resolution_fps.xml,11,3,0,5,video resolution fps
034_video_orientation_controls,Video Orientation Controls,video orientation controls,settings_screen,CONFIRMED,app.irlpro.android,com.wmspanel.streamer.preference.SettingsActivity,033 video parameters > swipe upward,evidence/screenshots/034_video_orientation_controls.png,evidence/ui-xml/034_video_orientation_controls.xml,8,2,0,4,video orientation controls
035_video_lens_defaults,Video Lens Defaults,video lens defaults,settings_screen,CONFIRMED,app.irlpro.android,com.wmspanel.streamer.preference.SettingsActivity,034 video parameters > swipe upward,evidence/screenshots/035_video_lens_defaults.png,evidence/ui-xml/035_video_lens_defaults.xml,7,1,0,2,video lens defaults
036_video_encoder_parameters,Video Encoder Parameters,video encoder parameters,settings_screen,CONFIRMED,app.irlpro.android,com.wmspanel.streamer.preference.SettingsActivity,035 video parameters > swipe upward,evidence/screenshots/036_video_encoder_parameters.png,evidence/ui-xml/036_video_encoder_parameters.xml,8,2,0,2,video encoder parameters
037_video_codec_color,Video Codec Color,video codec color,settings_screen,CONFIRMED,app.irlpro.android,com.wmspanel.streamer.preference.SettingsActivity,036 video parameters > swipe upward,evidence/screenshots/037_video_codec_color.png,evidence/ui-xml/037_video_codec_color.xml,7,1,0,2,video codec color
038_video_vendor_enhancements,Video Vendor Enhancements,video vendor enhancements,settings_screen,CONFIRMED,app.irlpro.android,com.wmspanel.streamer.preference.SettingsActivity,037 video parameters > swipe upward,evidence/screenshots/038_video_vendor_enhancements.png,evidence/ui-xml/038_video_vendor_enhancements.xml,7,1,0,2,video vendor enhancements
039_video_adaptive_bitrate,Video Adaptive Bitrate,video adaptive bitrate,settings_screen,CONFIRMED,app.irlpro.android,com.wmspanel.streamer.preference.SettingsActivity,038 video parameters > swipe upward,evidence/screenshots/039_video_adaptive_bitrate.png,evidence/ui-xml/039_video_adaptive_bitrate.xml,7,1,0,2,video adaptive bitrate
040_video_adaptive_floor,Video Adaptive Floor,video adaptive floor,settings_screen,CONFIRMED,app.irlpro.android,com.wmspanel.streamer.preference.SettingsActivity,039 video parameters > attempted swipe at list end,evidence/screenshots/040_video_adaptive_floor.png,evidence/ui-xml/040_video_adaptive_floor.xml,7,1,0,2,video adaptive floor
041_video_start_camera_menu,Video Start Camera Menu,video start camera menu,selection_dialog,CONFIRMED,app.irlpro.android,com.wmspanel.streamer.preference.SettingsActivity,Video parameters > Start app with,evidence/screenshots/041_video_start_camera_menu.png,evidence/ui-xml/041_video_start_camera_menu.xml,5,0,0,0,video start camera menu
042_video_resolution_menu,Video Resolution Menu,video resolution menu,selection_dialog,CONFIRMED,app.irlpro.android,com.wmspanel.streamer.preference.SettingsActivity,Video parameters > Resolution,evidence/screenshots/042_video_resolution_menu.png,evidence/ui-xml/042_video_resolution_menu.xml,7,0,0,1,video resolution menu
043_video_resolution_menu_lower,Video Resolution Menu Lower,video resolution menu lower,selection_dialog,CONFIRMED,app.irlpro.android,com.wmspanel.streamer.preference.SettingsActivity,Resolution dialog > swipe upward,evidence/screenshots/043_video_resolution_menu_lower.png,evidence/ui-xml/043_video_resolution_menu_lower.xml,7,0,0,2,video resolution menu lower
044_video_fps_menu,Video Fps Menu,video fps menu,selection_dialog,CONFIRMED,app.irlpro.android,com.wmspanel.streamer.preference.SettingsActivity,Video parameters > FPS,evidence/screenshots/044_video_fps_menu.png,evidence/ui-xml/044_video_fps_menu.xml,7,0,0,1,video fps menu
045_video_fps_menu_middle,Video Fps Menu Middle,video fps menu middle,selection_dialog,CONFIRMED,app.irlpro.android,com.wmspanel.streamer.preference.SettingsActivity,FPS dialog > swipe upward,evidence/screenshots/045_video_fps_menu_middle.png,evidence/ui-xml/045_video_fps_menu_middle.xml,7,0,0,2,video fps menu middle
046_video_fps_menu_lower,Video Fps Menu Lower,video fps menu lower,selection_dialog,CONFIRMED,app.irlpro.android,com.wmspanel.streamer.preference.SettingsActivity,FPS dialog middle > swipe upward,evidence/screenshots/046_video_fps_menu_lower.png,evidence/ui-xml/046_video_fps_menu_lower.xml,7,0,0,1,video fps menu lower
047_video_focus_mode_menu,Video Focus Mode Menu,video focus mode menu,selection_dialog,CONFIRMED,app.irlpro.android,com.wmspanel.streamer.preference.SettingsActivity,Video parameters > Focus mode,evidence/screenshots/047_video_focus_mode_menu.png,evidence/ui-xml/047_video_focus_mode_menu.xml,3,0,0,0,video focus mode menu
048_video_white_balance_menu,Video White Balance Menu,video white balance menu,selection_dialog,CONFIRMED,app.irlpro.android,com.wmspanel.streamer.preference.SettingsActivity,Video parameters > White balance,evidence/screenshots/048_video_white_balance_menu.png,evidence/ui-xml/048_video_white_balance_menu.xml,7,0,0,1,video white balance menu
049_video_antiflicker_menu,Video Antiflicker Menu,video antiflicker menu,selection_dialog,CONFIRMED,app.irlpro.android,com.wmspanel.streamer.preference.SettingsActivity,Settings > Video > Anti-flicker,evidence/screenshots/049_video_antiflicker_menu.png,evidence/ui-xml/049_video_antiflicker_menu.xml,5,0,0,0,video antiflicker menu
050_video_exposure_compensation_menu,Video Exposure Compensation Menu,video exposure compensation menu,selection_dialog,CONFIRMED,app.irlpro.android,com.wmspanel.streamer.preference.SettingsActivity,Settings > Video > Exposure compensation,evidence/screenshots/050_video_exposure_compensation_menu.png,evidence/ui-xml/050_video_exposure_compensation_menu.xml,7,0,0,1,video exposure compensation menu
051_video_exposure_compensation_menu_scrolled,Video Exposure Compensation Menu Scrolled,video exposure compensation menu scrolled,selection_dialog,CONFIRMED,app.irlpro.android,com.wmspanel.streamer.preference.SettingsActivity,Settings > Video > Exposure compensation > scroll,evidence/screenshots/051_video_exposure_compensation_menu_scrolled.png,evidence/ui-xml/051_video_exposure_compensation_menu_scrolled.xml,7,0,0,2,video exposure compensation menu scrolled
052_video_exposure_compensation_menu_lower,Video Exposure Compensation Menu Lower,video exposure compensation menu lower,selection_dialog,CONFIRMED,app.irlpro.android,com.wmspanel.streamer.preference.SettingsActivity,Settings > Video > Exposure compensation > scroll farther,evidence/screenshots/052_video_exposure_compensation_menu_lower.png,evidence/ui-xml/052_video_exposure_compensation_menu_lower.xml,8,0,0,2,video exposure compensation menu lower
053_video_exposure_compensation_menu_bottom,Video Exposure Compensation Menu Bottom,video exposure compensation menu bottom,selection_dialog,CONFIRMED,app.irlpro.android,com.wmspanel.streamer.preference.SettingsActivity,Settings > Video > Exposure compensation > bottom,evidence/screenshots/053_video_exposure_compensation_menu_bottom.png,evidence/ui-xml/053_video_exposure_compensation_menu_bottom.xml,7,0,0,1,video exposure compensation menu bottom
054_video_manual_bitrate_enabled,Video parameters,"Automatic resolution-matched bitrate temporarily disabled, then restored",settings_screen,CONFIRMED,app.irlpro.android,com.wmspanel.streamer.preference.SettingsActivity,Settings > Video > Bitrate matches resolution,evidence/screenshots/054_video_manual_bitrate_enabled.png,evidence/ui-xml/054_video_manual_bitrate_enabled.xml,8,2,0,2,"Automatic resolution-matched bitrate temporarily disabled, then restored"
055_video_bitrate_editor,Video Bitrate Editor,video bitrate editor,dialog,CONFIRMED,app.irlpro.android,com.wmspanel.streamer.preference.SettingsActivity,Settings > Video > Bitrate H264/HEVC,evidence/screenshots/055_video_bitrate_editor.png,evidence/ui-xml/055_video_bitrate_editor.xml,3,0,0,0,video bitrate editor
056_video_bitrate_mode_menu,Video Bitrate Mode Menu,video bitrate mode menu,selection_dialog,CONFIRMED,app.irlpro.android,com.wmspanel.streamer.preference.SettingsActivity,Settings > Video > Bitrate mode,evidence/screenshots/056_video_bitrate_mode_menu.png,evidence/ui-xml/056_video_bitrate_mode_menu.xml,7,0,0,1,video bitrate mode menu
057_video_keyframe_frequency_menu,Video Keyframe Frequency Menu,video keyframe frequency menu,selection_dialog,CONFIRMED,app.irlpro.android,com.wmspanel.streamer.preference.SettingsActivity,Settings > Video > Keyframe frequency,evidence/screenshots/057_video_keyframe_frequency_menu.png,evidence/ui-xml/057_video_keyframe_frequency_menu.xml,3,0,0,0,video keyframe frequency menu
058_video_format_menu,Video Format Menu,video format menu,selection_dialog,CONFIRMED,app.irlpro.android,com.wmspanel.streamer.preference.SettingsActivity,Settings > Video > Format,evidence/screenshots/058_video_format_menu.png,evidence/ui-xml/058_video_format_menu.xml,4,0,0,0,video format menu
059_video_h264_profile_menu,Video H264 Profile Menu,video h264 profile menu,selection_dialog,CONFIRMED,app.irlpro.android,com.wmspanel.streamer.preference.SettingsActivity,Settings > Video > H.264 profile,evidence/screenshots/059_video_h264_profile_menu.png,evidence/ui-xml/059_video_h264_profile_menu.xml,7,0,0,1,video h264 profile menu
060_video_hevc_profile_menu,Video Hevc Profile Menu,video hevc profile menu,selection_dialog,CONFIRMED,app.irlpro.android,com.wmspanel.streamer.preference.SettingsActivity,Settings > Video > HEVC profile,evidence/screenshots/060_video_hevc_profile_menu.png,evidence/ui-xml/060_video_hevc_profile_menu.xml,7,0,0,1,video hevc profile menu
061_video_eis_menu,Video Eis Menu,video eis menu,selection_dialog,CONFIRMED,app.irlpro.android,com.wmspanel.streamer.preference.SettingsActivity,Settings > Video > Electronic image stabilization,evidence/screenshots/061_video_eis_menu.png,evidence/ui-xml/061_video_eis_menu.xml,4,0,0,0,video eis menu
062_video_ois_menu,Video Ois Menu,video ois menu,selection_dialog,CONFIRMED,app.irlpro.android,com.wmspanel.streamer.preference.SettingsActivity,Settings > Video > Optical image stabilization,evidence/screenshots/062_video_ois_menu.png,evidence/ui-xml/062_video_ois_menu.xml,4,0,0,0,video ois menu
063_video_noise_reduction_menu,Video Noise Reduction Menu,video noise reduction menu,selection_dialog,CONFIRMED,app.irlpro.android,com.wmspanel.streamer.preference.SettingsActivity,Settings > Video > Noise reduction,evidence/screenshots/063_video_noise_reduction_menu.png,evidence/ui-xml/063_video_noise_reduction_menu.xml,7,0,0,1,video noise reduction menu
064_video_adaptive_bitrate_mode_menu,Video Adaptive Bitrate Mode Menu,video adaptive bitrate mode menu,selection_dialog,CONFIRMED,app.irlpro.android,com.wmspanel.streamer.preference.SettingsActivity,Settings > Video > Adaptive bitrate mode,evidence/screenshots/064_video_adaptive_bitrate_mode_menu.png,evidence/ui-xml/064_video_adaptive_bitrate_mode_menu.xml,7,0,0,1,video adaptive bitrate mode menu
065_audio_settings,Audio Settings,audio settings,settings_screen,CONFIRMED,app.irlpro.android,com.wmspanel.streamer.preference.SettingsActivity,Settings > Audio,evidence/screenshots/065_audio_settings.png,evidence/ui-xml/065_audio_settings.xml,8,1,0,2,audio settings
066_audio_source_menu,Audio Source Menu,audio source menu,selection_dialog,CONFIRMED,app.irlpro.android,com.wmspanel.streamer.preference.SettingsActivity,Settings > Audio > Audio source,evidence/screenshots/066_audio_source_menu.png,evidence/ui-xml/066_audio_source_menu.xml,7,0,0,1,audio source menu
067_audio_channels_menu,Audio Channels Menu,audio channels menu,selection_dialog,CONFIRMED,app.irlpro.android,com.wmspanel.streamer.preference.SettingsActivity,Settings > Audio > Audio channels,evidence/screenshots/067_audio_channels_menu.png,evidence/ui-xml/067_audio_channels_menu.xml,3,0,0,0,audio channels menu
068_audio_bitrate_menu,Audio Bitrate Menu,audio bitrate menu,selection_dialog,CONFIRMED,app.irlpro.android,com.wmspanel.streamer.preference.SettingsActivity,Settings > Audio > Bitrate,evidence/screenshots/068_audio_bitrate_menu.png,evidence/ui-xml/068_audio_bitrate_menu.xml,7,0,0,1,audio bitrate menu
069_audio_bitrate_menu_lower,Audio Bitrate Menu Lower,audio bitrate menu lower,selection_dialog,CONFIRMED,app.irlpro.android,com.wmspanel.streamer.preference.SettingsActivity,Settings > Audio > Bitrate > scroll,evidence/screenshots/069_audio_bitrate_menu_lower.png,evidence/ui-xml/069_audio_bitrate_menu_lower.xml,7,0,0,2,audio bitrate menu lower
070_audio_bitrate_menu_bottom,Audio Bitrate Menu Bottom,audio bitrate menu bottom,selection_dialog,CONFIRMED,app.irlpro.android,com.wmspanel.streamer.preference.SettingsActivity,Settings > Audio > Bitrate > bottom,evidence/screenshots/070_audio_bitrate_menu_bottom.png,evidence/ui-xml/070_audio_bitrate_menu_bottom.xml,7,0,0,1,audio bitrate menu bottom
071_audio_settings_lower,Audio Settings Lower,audio settings lower,settings_screen,CONFIRMED,app.irlpro.android,com.wmspanel.streamer.preference.SettingsActivity,Settings > Audio > scroll,evidence/screenshots/071_audio_settings_lower.png,evidence/ui-xml/071_audio_settings_lower.xml,8,3,0,2,audio settings lower
072_audio_sample_rate_menu,Audio Sample Rate Menu,audio sample rate menu,selection_dialog,CONFIRMED,app.irlpro.android,com.wmspanel.streamer.preference.SettingsActivity,Settings > Audio > Sample rate,evidence/screenshots/072_audio_sample_rate_menu.png,evidence/ui-xml/072_audio_sample_rate_menu.xml,7,0,0,1,audio sample rate menu
073_audio_sample_rate_menu_top,Audio Sample Rate Menu Top,audio sample rate menu top,selection_dialog,CONFIRMED,app.irlpro.android,com.wmspanel.streamer.preference.SettingsActivity,Settings > Audio > Sample rate > top,evidence/screenshots/073_audio_sample_rate_menu_top.png,evidence/ui-xml/073_audio_sample_rate_menu_top.xml,7,0,0,1,audio sample rate menu top
074_audio_input_gain_maximum,Audio parameters,"Input gain temporarily adjusted to +10 dB, then restored to 0 dB",settings_screen,CONFIRMED,app.irlpro.android,com.wmspanel.streamer.preference.SettingsActivity,Settings > Audio > Input gain,evidence/screenshots/074_audio_input_gain_maximum.png,evidence/ui-xml/074_audio_input_gain_maximum.xml,8,3,0,2,"Input gain temporarily adjusted to +10 dB, then restored to 0 dB"
075_audio_processing,Audio Processing,audio processing,settings_screen,CONFIRMED,app.irlpro.android,com.wmspanel.streamer.preference.SettingsActivity,Settings > Audio > Processing,evidence/screenshots/075_audio_processing.png,evidence/ui-xml/075_audio_processing.xml,9,3,0,2,audio processing
076_recording_settings,Recording Settings,recording settings,settings_screen,CONFIRMED,app.irlpro.android,com.wmspanel.streamer.preference.SettingsActivity,Settings > Recording,evidence/screenshots/076_recording_settings.png,evidence/ui-xml/076_recording_settings.xml,9,2,0,3,recording settings
077_recording_section_duration_editor,Recording Section Duration Editor,recording section duration editor,dialog,CONFIRMED,app.irlpro.android,com.wmspanel.streamer.preference.SettingsActivity,Settings > Recording > Sections duration,evidence/screenshots/077_recording_section_duration_editor.png,evidence/ui-xml/077_recording_section_duration_editor.xml,3,0,0,0,recording section duration editor
078_recording_settings_lower,Recording Settings Lower,recording settings lower,settings_screen,CONFIRMED,app.irlpro.android,com.wmspanel.streamer.preference.SettingsActivity,Settings > Recording > scroll,evidence/screenshots/078_recording_settings_lower.png,evidence/ui-xml/078_recording_settings_lower.xml,7,1,0,1,recording settings lower
079_recording_snapshot_format_menu,Recording Snapshot Format Menu,recording snapshot format menu,selection_dialog,CONFIRMED,app.irlpro.android,com.wmspanel.streamer.preference.SettingsActivity,Settings > Recording > Snapshot format,evidence/screenshots/079_recording_snapshot_format_menu.png,evidence/ui-xml/079_recording_snapshot_format_menu.xml,4,0,0,0,recording snapshot format menu
080_recording_snapshot_quality_editor,Snapshot quality dialog,Quality choices 100/95/90/85; current value 90 retained,dialog,CONFIRMED,app.irlpro.android,com.wmspanel.streamer.preference.SettingsActivity,Settings > Recording > Snapshot quality,evidence/screenshots/080_recording_snapshot_quality_editor.png,evidence/ui-xml/080_recording_snapshot_quality_editor.xml,5,0,0,0,Quality choices 100/95/90/85; current value 90 retained
081_recording_snapshot_quality_menu_lower,Snapshot quality dialog,Same four quality choices; current value 90 retained,selection_dialog,CONFIRMED,app.irlpro.android,com.wmspanel.streamer.preference.SettingsActivity,Settings > Recording > Snapshot quality > scroll,evidence/screenshots/081_recording_snapshot_quality_menu_lower.png,evidence/ui-xml/081_recording_snapshot_quality_menu_lower.xml,5,0,0,0,Same four quality choices; current value 90 retained
082_recording_save_to_control,Android folder picker,Storage Access Framework handoff; no destination changed,system_intent,CONFIRMED,com.google.android.documentsui,com.android.documentsui.picker.PickActivity,Settings > Recording > Save to,evidence/screenshots/082_recording_save_to_control.png,evidence/ui-xml/082_recording_save_to_control.xml,16,0,0,8,Storage Access Framework handoff; no destination changed
083_display_settings,Display Settings,display settings,settings_screen,CONFIRMED,app.irlpro.android,com.wmspanel.streamer.preference.SettingsActivity,Settings > Display,evidence/screenshots/083_display_settings.png,evidence/ui-xml/083_display_settings.xml,7,3,0,3,display settings
084_streamer_home_grid_enabled,Live console,3×3 grid preview; setting restored off,live_console_state,CONFIRMED,app.irlpro.android,com.wmspanel.streamer.StreamerServiceActivity,Settings > Display > Grid 3x3; return to streamer,evidence/screenshots/084_streamer_home_grid_enabled.png,evidence/ui-xml/084_streamer_home_grid_enabled.xml,11,7,7,9,3×3 grid preview; setting restored off
085_streamer_home_safe_margins_enabled,Live console,Safe-margin preview; setting restored off,live_console_state,CONFIRMED,app.irlpro.android,com.wmspanel.streamer.StreamerServiceActivity,Settings > Display > Show safe margins; return to streamer,evidence/screenshots/085_streamer_home_safe_margins_enabled.png,evidence/ui-xml/085_streamer_home_safe_margins_enabled.xml,11,7,7,9,Safe-margin preview; setting restored off
086_streamer_home_audio_meter_hidden,Live console,Audio meter hidden; setting restored on,live_console_state,CONFIRMED,app.irlpro.android,com.wmspanel.streamer.StreamerServiceActivity,Settings > Display > Show audio level meter; return to streamer,evidence/screenshots/086_streamer_home_audio_meter_hidden.png,evidence/ui-xml/086_streamer_home_audio_meter_hidden.xml,11,7,7,9,Audio meter hidden; setting restored on
087_display_safe_margin_controls,Display Safe Margin Controls,display safe margin controls,settings_screen,CONFIRMED,app.irlpro.android,com.wmspanel.streamer.preference.SettingsActivity,Settings > Display > Show safe margins,evidence/screenshots/087_display_safe_margin_controls.png,evidence/ui-xml/087_display_safe_margin_controls.xml,11,4,0,3,display safe margin controls
088_display_safe_margin_ratio_menu,Display Safe Margin Ratio Menu,display safe margin ratio menu,selection_dialog,CONFIRMED,app.irlpro.android,com.wmspanel.streamer.preference.SettingsActivity,Settings > Display > Safe margins ratios,evidence/screenshots/088_display_safe_margin_ratio_menu.png,evidence/ui-xml/088_display_safe_margin_ratio_menu.xml,8,0,0,1,display safe margin ratio menu
089_display_safe_margin_ratio_menu_lower,Display Safe Margin Ratio Menu Lower,display safe margin ratio menu lower,selection_dialog,CONFIRMED,app.irlpro.android,com.wmspanel.streamer.preference.SettingsActivity,Settings > Display > Safe margins ratios > scroll,evidence/screenshots/089_display_safe_margin_ratio_menu_lower.png,evidence/ui-xml/089_display_safe_margin_ratio_menu_lower.xml,8,0,0,2,display safe margin ratio menu lower
090_display_safe_margin_indent_maximum,Display Settings,Safe-margin indent temporarily set to 20%; restored to 5%,settings_screen,CONFIRMED,app.irlpro.android,com.wmspanel.streamer.preference.SettingsActivity,Settings > Display > Safe margin indent,evidence/screenshots/090_display_safe_margin_indent_maximum.png,evidence/ui-xml/090_display_safe_margin_indent_maximum.xml,11,4,0,3,Safe-margin indent temporarily set to 20%; restored to 5%
091_overlays_list,Overlays List,overlays list,settings_screen,CONFIRMED,app.irlpro.android,com.wmspanel.streamer.preference.SettingsActivity,Settings > Overlays,evidence/screenshots/091_overlays_list.png,evidence/ui-xml/091_overlays_list.xml,3,0,0,0,overlays list
092_text_picture_overlays_empty,Text Picture Overlays Empty,text picture overlays empty,settings_screen,CONFIRMED,app.irlpro.android,com.wmspanel.streamer.preference.SettingsActivity,Settings > Overlays > Text/Picture Overlays,evidence/screenshots/092_text_picture_overlays_empty.png,evidence/ui-xml/092_text_picture_overlays_empty.xml,9,3,0,3,text picture overlays empty
093_text_picture_overlay_layers,Text Picture Overlay Layers,text picture overlay layers,settings_screen,CONFIRMED,app.irlpro.android,com.wmspanel.streamer.preference.SettingsActivity,Settings > Overlays > Text/Picture Overlays > scroll,evidence/screenshots/093_text_picture_overlay_layers.png,evidence/ui-xml/093_text_picture_overlay_layers.xml,7,1,0,1,text picture overlay layers
094_overlay_timestamp_editor,Text/picture overlay layers,Timestamp checkbox enabled in list; no editor shown; restored off,settings_screen,CONFIRMED,app.irlpro.android,com.wmspanel.streamer.preference.SettingsActivity,Settings > Overlays > Text/Picture Overlays > Timestamp checkbox,evidence/screenshots/094_overlay_timestamp_editor.png,evidence/ui-xml/094_overlay_timestamp_editor.xml,7,1,0,1,Timestamp checkbox enabled in list; no editor shown; restored off
095_streamer_home_timestamp_overlay,Live console,Built-in Timestamp layer active; restored off,live_console_state,CONFIRMED,app.irlpro.android,com.wmspanel.streamer.StreamerServiceActivity,Settings > Overlays > Text/Picture Overlays > Timestamp; return to streamer,evidence/screenshots/095_streamer_home_timestamp_overlay.png,evidence/ui-xml/095_streamer_home_timestamp_overlay.xml,11,7,7,9,Built-in Timestamp layer active; restored off
096_overlay_new_layer_type_menu,Picture overlay editor,New Picture layer default form; draft discarded,settings_screen,CONFIRMED,app.irlpro.android,com.wmspanel.streamer.preference.SettingsActivity,Settings > Overlays > Text/Picture Overlays > New layer,evidence/screenshots/096_overlay_new_layer_type_menu.png,evidence/ui-xml/096_overlay_new_layer_type_menu.xml,9,1,0,2,New Picture layer default form; draft discarded
097_overlay_layer_type_menu,Overlay Layer Type Menu,overlay layer type menu,selection_dialog,CONFIRMED,app.irlpro.android,com.wmspanel.streamer.preference.SettingsActivity,Settings > Overlays > Text/Picture Overlays > New layer > Type,evidence/screenshots/097_overlay_layer_type_menu.png,evidence/ui-xml/097_overlay_layer_type_menu.xml,3,0,0,0,overlay layer type menu
098_overlay_new_text_layer_form,Overlay New Text Layer Form,overlay new text layer form,settings_screen,CONFIRMED,app.irlpro.android,com.wmspanel.streamer.preference.SettingsActivity,Settings > Overlays > Text/Picture Overlays > New layer > Text,evidence/screenshots/098_overlay_new_text_layer_form.png,evidence/ui-xml/098_overlay_new_text_layer_form.xml,10,2,0,3,overlay new text layer form
099_overlay_new_text_layer_form_lower,Overlay New Text Layer Form Lower,overlay new text layer form lower,settings_screen,CONFIRMED,app.irlpro.android,com.wmspanel.streamer.preference.SettingsActivity,Settings > Overlays > Text/Picture Overlays > New layer > Text > scroll,evidence/screenshots/099_overlay_new_text_layer_form_lower.png,evidence/ui-xml/099_overlay_new_text_layer_form_lower.xml,8,2,0,1,overlay new text layer form lower
100_overlay_new_text_layer_form_actions,Overlay New Text Layer Form Actions,overlay new text layer form actions,settings_screen,CONFIRMED,app.irlpro.android,com.wmspanel.streamer.preference.SettingsActivity,Settings > Overlays > Text/Picture Overlays > New layer > Text > bottom,evidence/screenshots/100_overlay_new_text_layer_form_actions.png,evidence/ui-xml/100_overlay_new_text_layer_form_actions.xml,6,0,0,1,overlay new text layer form actions
101_overlay_blank_save_validation,Text overlay editor,Blank HTML Save validation toast; draft discarded,validation_state,CONFIRMED,app.irlpro.android,com.wmspanel.streamer.preference.SettingsActivity,Settings > Overlays > Text/Picture Overlays > New layer > Save,evidence/screenshots/101_overlay_blank_save_validation.png,evidence/ui-xml/101_overlay_blank_save_validation.xml,6,0,0,1,Blank HTML Save validation toast; draft discarded
102_overlay_manage_layers,Overlay Manage Layers,overlay manage layers,settings_screen,CONFIRMED,app.irlpro.android,com.wmspanel.streamer.preference.SettingsActivity,Settings > Overlays > Text/Picture Overlays > Manage layers,evidence/screenshots/102_overlay_manage_layers.png,evidence/ui-xml/102_overlay_manage_layers.xml,4,0,0,0,overlay manage layers
103_overlay_timestamp_edit_form,Overlay Timestamp Edit Form,overlay timestamp edit form,settings_screen,CONFIRMED,app.irlpro.android,com.wmspanel.streamer.preference.SettingsActivity,Settings > Overlays > Text/Picture Overlays > Manage layers > Timestamp,evidence/screenshots/103_overlay_timestamp_edit_form.png,evidence/ui-xml/103_overlay_timestamp_edit_form.xml,8,1,0,2,overlay timestamp edit form
104_overlay_timestamp_refresh_controls,Overlay Timestamp Refresh Controls,overlay timestamp refresh controls,settings_screen,CONFIRMED,app.irlpro.android,com.wmspanel.streamer.preference.SettingsActivity,Settings > Overlays > Text/Picture Overlays > Manage layers > Timestamp > scroll,evidence/screenshots/104_overlay_timestamp_refresh_controls.png,evidence/ui-xml/104_overlay_timestamp_refresh_controls.xml,10,3,0,4,overlay timestamp refresh controls
105_overlay_standby_selector,Overlay Standby Selector,overlay standby selector,dialog,CONFIRMED,app.irlpro.android,com.wmspanel.streamer.preference.SettingsActivity,Settings > Overlays > Text/Picture Overlays > Standby overlays,evidence/screenshots/105_overlay_standby_selector.png,evidence/ui-xml/105_overlay_standby_selector.xml,3,0,0,0,overlay standby selector
106_overlay_pause_selector,Overlay Pause Selector,overlay pause selector,dialog,CONFIRMED,app.irlpro.android,com.wmspanel.streamer.preference.SettingsActivity,Settings > Overlays > Text/Picture Overlays > Pause overlays,evidence/screenshots/106_overlay_pause_selector.png,evidence/ui-xml/106_overlay_pause_selector.xml,3,0,0,0,overlay pause selector
107_web_overlays_settings,Web Overlays Settings,web overlays settings,settings_screen,CONFIRMED,app.irlpro.android,com.wmspanel.streamer.preference.SettingsActivity,Settings > Overlays > Web Overlays,evidence/screenshots/107_web_overlays_settings.png,evidence/ui-xml/107_web_overlays_settings.xml,3,0,0,0,web overlays settings
108_web_overlay_new_form,Web Overlay New Form,web overlay new form,settings_screen,CONFIRMED,app.irlpro.android,com.wmspanel.streamer.preference.SettingsActivity,Settings > Overlays > Web Overlays > New web overlay,evidence/screenshots/108_web_overlay_new_form.png,evidence/ui-xml/108_web_overlay_new_form.xml,7,0,0,0,web overlay new form
109_web_overlay_new_form_lower,Web overlay editor,"Lower form with position, z-order, and width",settings_screen,CONFIRMED,app.irlpro.android,com.wmspanel.streamer.preference.SettingsActivity,Settings > Overlays > Web Overlays > New web overlay > scroll,evidence/screenshots/109_web_overlay_new_form_lower.png,evidence/ui-xml/109_web_overlay_new_form_lower.xml,7,1,0,2,"Lower form with position, z-order, and width"
110_web_overlay_webview_options,Web overlay editor,"Bottom form with height, scale, Cancel, and Save; draft discarded",settings_screen,CONFIRMED,app.irlpro.android,com.wmspanel.streamer.preference.SettingsActivity,Settings > Overlays > Web Overlays > New web overlay > WebView options,evidence/screenshots/110_web_overlay_webview_options.png,evidence/ui-xml/110_web_overlay_webview_options.xml,7,1,0,1,"Bottom form with height, scale, Cancel, and Save; draft discarded"
111_web_overlay_view_mode_menu,Web Overlay View Mode Menu,web overlay view mode menu,selection_dialog,CONFIRMED,app.irlpro.android,com.wmspanel.streamer.preference.SettingsActivity,Settings > Overlays > Web Overlays > New web overlay > View mode,evidence/screenshots/111_web_overlay_view_mode_menu.png,evidence/ui-xml/111_web_overlay_view_mode_menu.xml,4,0,0,0,web overlay view mode menu
112_web_overlay_position_menu,Web Overlay Position Menu,web overlay position menu,selection_dialog,CONFIRMED,app.irlpro.android,com.wmspanel.streamer.preference.SettingsActivity,Settings > Overlays > Web Overlays > New web overlay > Position,evidence/screenshots/112_web_overlay_position_menu.png,evidence/ui-xml/112_web_overlay_position_menu.xml,6,0,0,0,web overlay position menu
113_web_overlay_custom_position_fields,Web overlay editor,Custom position selected in unsaved draft,settings_screen,CONFIRMED,app.irlpro.android,com.wmspanel.streamer.preference.SettingsActivity,Settings > Overlays > Web Overlays > New web overlay > Position > Custom,evidence/screenshots/113_web_overlay_custom_position_fields.png,evidence/ui-xml/113_web_overlay_custom_position_fields.xml,7,0,0,0,Custom position selected in unsaved draft
114_web_overlay_custom_position_coordinates,Web overlay editor,Custom right/bottom coordinates inherited from prior bottom-right selection; draft discarded,settings_screen,CONFIRMED,app.irlpro.android,com.wmspanel.streamer.preference.SettingsActivity,Settings > Overlays > Web Overlays > New web overlay > Position > Custom > scroll,evidence/screenshots/114_web_overlay_custom_position_coordinates.png,evidence/ui-xml/114_web_overlay_custom_position_coordinates.xml,8,2,0,1,Custom right/bottom coordinates inherited from prior bottom-right selection; draft discarded
115_web_overlay_manage_empty,Web Overlay Manage Empty,web overlay manage empty,settings_screen,CONFIRMED,app.irlpro.android,com.wmspanel.streamer.preference.SettingsActivity,Settings > Overlays > Web Overlays > Manage web overlays,evidence/screenshots/115_web_overlay_manage_empty.png,evidence/ui-xml/115_web_overlay_manage_empty.xml,3,0,0,0,web overlay manage empty
116_import_export_settings,Import Export Settings,import export settings,settings_screen,CONFIRMED,app.irlpro.android,com.wmspanel.streamer.preference.SettingsActivity,Settings > Import/Export Settings,evidence/screenshots/116_import_export_settings.png,evidence/ui-xml/116_import_export_settings.xml,5,0,0,0,import export settings
117_import_settings_file_picker,Import settings,"larix:// text-entry dialog; filename is a legacy capture label, not a file picker",dialog,CONFIRMED,app.irlpro.android,com.wmspanel.streamer.preference.SettingsActivity,Settings > Import/Export Settings > Import settings,evidence/screenshots/117_import_settings_file_picker.png,evidence/ui-xml/117_import_settings_file_picker.xml,3,0,0,1,"larix:// text-entry dialog; filename is a legacy capture label, not a file picker"
118_import_scan_qr_handoff,QR scanner dependency,Install Barcode Scanner prompt; declined,dialog,CONFIRMED,app.irlpro.android,com.wmspanel.streamer.preference.SettingsActivity,Settings > Import/Export Settings > Scan QR code,evidence/screenshots/118_import_scan_qr_handoff.png,evidence/ui-xml/118_import_scan_qr_handoff.xml,2,0,0,0,Install Barcode Scanner prompt; declined
119_settings_root_lower,Settings Root Lower,settings root lower,settings_screen,CONFIRMED,app.irlpro.android,com.wmspanel.streamer.preference.SettingsActivity,Main > Settings > scroll,evidence/screenshots/119_settings_root_lower.png,evidence/ui-xml/119_settings_root_lower.xml,8,0,0,1,settings root lower
120_advanced_options,Advanced Options,advanced options,settings_screen,CONFIRMED,app.irlpro.android,com.wmspanel.streamer.preference.SettingsActivity,Main > Settings > Advanced options,evidence/screenshots/120_advanced_options.png,evidence/ui-xml/120_advanced_options.xml,10,4,0,4,advanced options
121_advanced_options_mid,Advanced Options Mid,advanced options mid,settings_screen,CONFIRMED,app.irlpro.android,com.wmspanel.streamer.preference.SettingsActivity,Main > Settings > Advanced options > scroll,evidence/screenshots/121_advanced_options_mid.png,evidence/ui-xml/121_advanced_options_mid.xml,8,2,0,3,advanced options mid
122_advanced_options_lower,Advanced Options Lower,advanced options lower,settings_screen,CONFIRMED,app.irlpro.android,com.wmspanel.streamer.preference.SettingsActivity,Main > Settings > Advanced options > scroll lower,evidence/screenshots/122_advanced_options_lower.png,evidence/ui-xml/122_advanced_options_lower.xml,8,3,0,3,advanced options lower
123_advanced_options_bottom,Advanced Options Bottom,advanced options bottom,settings_screen,CONFIRMED,app.irlpro.android,com.wmspanel.streamer.preference.SettingsActivity,Main > Settings > Advanced options > scroll bottom,evidence/screenshots/123_advanced_options_bottom.png,evidence/ui-xml/123_advanced_options_bottom.xml,8,3,0,4,advanced options bottom
124_advanced_webviews,Advanced Webviews,advanced webviews,settings_screen,CONFIRMED,app.irlpro.android,com.wmspanel.streamer.preference.SettingsActivity,Main > Settings > Advanced options > scroll near bottom,evidence/screenshots/124_advanced_webviews.png,evidence/ui-xml/124_advanced_webviews.xml,8,2,0,2,advanced webviews
125_advanced_bottommost,Advanced Bottommost,advanced bottommost,settings_screen,CONFIRMED,app.irlpro.android,com.wmspanel.streamer.preference.SettingsActivity,Main > Settings > Advanced options > scroll bottommost,evidence/screenshots/125_advanced_bottommost.png,evidence/ui-xml/125_advanced_bottommost.xml,8,2,0,2,advanced bottommost
126_preferred_camera_api_dialog,Advanced Options,Preferred camera API row is disabled on this device; no dialog opened,settings_screen,CONFIRMED,app.irlpro.android,com.wmspanel.streamer.preference.SettingsActivity,Main > Settings > Advanced options > Preferred camera API,evidence/screenshots/126_preferred_camera_api_dialog.png,evidence/ui-xml/126_preferred_camera_api_dialog.xml,7,2,0,2,Preferred camera API row is disabled on this device; no dialog opened
127_volume_keys_dialog,Volume Keys Dialog,volume keys dialog,dialog,CONFIRMED,app.irlpro.android,com.wmspanel.streamer.preference.SettingsActivity,Main > Settings > Advanced options > Volume keys,evidence/screenshots/127_volume_keys_dialog.png,evidence/ui-xml/127_volume_keys_dialog.xml,5,0,0,0,volume keys dialog
128_help_support,Help Support,help support,settings_screen,CONFIRMED,app.irlpro.android,com.wmspanel.streamer.preference.SettingsActivity,Main > Settings > Help & support,evidence/screenshots/128_help_support.png,evidence/ui-xml/128_help_support.xml,5,0,0,0,help support
129_about_irl_pro,About Irl Pro,about irl pro,dialog,CONFIRMED,app.irlpro.android,com.wmspanel.streamer.preference.SettingsActivity,Main > Settings > Help & support > About IRL Pro,evidence/screenshots/129_about_irl_pro.png,evidence/ui-xml/129_about_irl_pro.xml,1,0,0,0,about irl pro
130_live_console_overflow,Live-console quick settings,"Camera tab, upper controls",quick_settings_overlay,CONFIRMED,app.irlpro.android,com.wmspanel.streamer.StreamerServiceActivity,Main > overflow menu,evidence/screenshots/130_live_console_overflow.png,evidence/ui-xml/130_live_console_overflow.xml,24,8,7,19,"Camera tab, upper controls"
131_live_console_camera_lower,Live-console quick settings,"Camera tab, lower controls",quick_settings_overlay,CONFIRMED,app.irlpro.android,com.wmspanel.streamer.StreamerServiceActivity,Main > overflow > Camera > scroll,evidence/screenshots/131_live_console_camera_lower.png,evidence/ui-xml/131_live_console_camera_lower.xml,24,9,7,18,"Camera tab, lower controls"
132_live_console_network,Live-console quick settings,"Network tab, bitrate controls",quick_settings_overlay,CONFIRMED,app.irlpro.android,com.wmspanel.streamer.StreamerServiceActivity,Main > overflow > Network,evidence/screenshots/132_live_console_network.png,evidence/ui-xml/132_live_console_network.xml,19,8,7,14,"Network tab, bitrate controls"
133_live_console_network_lower,Live-console quick settings,"Network tab, bonding controls",quick_settings_overlay,CONFIRMED,app.irlpro.android,com.wmspanel.streamer.StreamerServiceActivity,Main > overflow > Network > scroll,evidence/screenshots/133_live_console_network_lower.png,evidence/ui-xml/133_live_console_network_lower.xml,22,10,7,15,"Network tab, bonding controls"
134_live_console_network_stats,Live-console quick settings,Network tab at bottom; idle Stats section,quick_settings_overlay,CONFIRMED,app.irlpro.android,com.wmspanel.streamer.StreamerServiceActivity,Main > overflow > Network > scroll bottom,evidence/screenshots/134_live_console_network_stats.png,evidence/ui-xml/134_live_console_network_stats.xml,22,10,7,15,Network tab at bottom; idle Stats section
135_live_console_display,Live-console quick settings,Display tab,quick_settings_overlay,CONFIRMED,app.irlpro.android,com.wmspanel.streamer.StreamerServiceActivity,Main > overflow > Display,evidence/screenshots/135_live_console_display.png,evidence/ui-xml/135_live_console_display.xml,19,7,7,16,Display tab
136_live_console_overlays,Live-console quick settings,Overlays tab; Timestamp inactive,quick_settings_overlay,CONFIRMED,app.irlpro.android,com.wmspanel.streamer.StreamerServiceActivity,Main > overflow > Overlays,evidence/screenshots/136_live_console_overlays.png,evidence/ui-xml/136_live_console_overlays.xml,18,7,7,15,Overlays tab; Timestamp inactive
137_live_console_audio,Live-console quick settings,Audio tab; input gain 0 dB,quick_settings_overlay,CONFIRMED,app.irlpro.android,com.wmspanel.streamer.StreamerServiceActivity,Main > overflow > Audio,evidence/screenshots/137_live_console_audio.png,evidence/ui-xml/137_live_console_audio.xml,18,8,7,14,Audio tab; input gain 0 dB
138_live_console_log,Live-console quick settings,Log tab; idle capture pipeline diagnostics,quick_settings_overlay,CONFIRMED,app.irlpro.android,com.wmspanel.streamer.StreamerServiceActivity,Main > overflow > Log,evidence/screenshots/138_live_console_log.png,evidence/ui-xml/138_live_console_log.xml,17,7,7,13,Log tab; idle capture pipeline diagnostics; log text is app-visible diagnostic output and contains no connection secrets in this capture
139_live_console_microphone_muted,Live console,Microphone muted; restored unmuted,live_console_state,CONFIRMED,app.irlpro.android,com.wmspanel.streamer.StreamerServiceActivity,Main > microphone toggle,evidence/screenshots/139_live_console_microphone_muted.png,evidence/ui-xml/139_live_console_microphone_muted.xml,11,7,7,9,Microphone muted; restored unmuted
140_live_console_front_camera,Live console,67° front camera selected; restored to 73° rear,live_console_state,CONFIRMED,app.irlpro.android,com.wmspanel.streamer.StreamerServiceActivity,Main > flip camera,evidence/screenshots/140_live_console_front_camera.png,evidence/ui-xml/140_live_console_front_camera.xml,11,7,7,9,67° front camera selected; restored to 73° rear
141_live_console_rear_ultrawide,Live console,103° rear camera selected; restored to 73° rear,live_console_state,CONFIRMED,app.irlpro.android,com.wmspanel.streamer.StreamerServiceActivity,Main > rear lens 103 degrees,evidence/screenshots/141_live_console_rear_ultrawide.png,evidence/ui-xml/141_live_console_rear_ultrawide.xml,11,7,7,9,103° rear camera selected; restored to 73° rear
142_start_without_connection,Start Broadcast dialog,No active connections validation,dialog,CONFIRMED,app.irlpro.android,com.wmspanel.streamer.StreamerServiceActivity,Main > Start broadcast,evidence/screenshots/142_start_without_connection.png,evidence/ui-xml/142_start_without_connection.xml,2,0,0,0,No active connections validation
143_live_console_refresh,Live console,Reload-chat-and-web-overlays toast,live_console_state,CONFIRMED,app.irlpro.android,com.wmspanel.streamer.StreamerServiceActivity,Main > refresh control,evidence/screenshots/143_live_console_refresh.png,evidence/ui-xml/143_live_console_refresh.xml,11,7,7,9,Reload-chat-and-web-overlays toast
144_cold_launch_loaded,Live console,Settled state after true force-stop cold launch,live_console_state,CONFIRMED,app.irlpro.android,com.wmspanel.streamer.StreamerServiceActivity,Force-stop > launch activity,evidence/screenshots/144_cold_launch_loaded.png,evidence/ui-xml/144_cold_launch_loaded.xml,11,7,7,9,Settled state after true force-stop cold launch
145_background_resume_loaded,Live console,Settled state after Home/background and hot resume,live_console_state,CONFIRMED,app.irlpro.android,com.wmspanel.streamer.StreamerServiceActivity,Main > Home/background > relaunch,evidence/screenshots/145_background_resume_loaded.png,evidence/ui-xml/145_background_resume_loaded.xml,11,7,7,9,Settled state after Home/background and hot resume
