entity,field,visible_type,required_or_optional,default_or_format,persistence,classification,evidence
AppSettings,version,"string/int",read-only,"3.5.23 / 305230",package,CONFIRMED,"002,129"
StreamerProfile,twitchUsername,text,optional,"blank disables associated use",local inferred,CONFIRMED UI,"006"
StreamerProfile,kickUsername,text,optional,"blank",local inferred,CONFIRMED UI,"006"
StreamerProfile,showPlatformIcons,boolean,optional,false,local,CONFIRMED,"006,015"
StreamerProfile,showBots,boolean,optional,false,local,CONFIRMED,"006-007"
StreamerProfile,showCommands,boolean,optional,false,local,CONFIRMED,"007"
StreamerProfile,chatFontScale,integer,optional,220,local,CONFIRMED,"007,014"
StreamerProfile,smallerChatBox,boolean,optional,false,local,CONFIRMED,"007"
StreamerProfile,increaseLeftMargin,boolean,optional,false,local,CONFIRMED,"007"
StreamerProfile,rightChatBox,boolean,optional,false,local,CONFIRMED,"008"
StreamerProfile,showUserCount,boolean,optional,true,local,CONFIRMED,"008"
StreamerProfile,customChatboxUrl,url,optional,blank,local,CONFIRMED,"008"
StreamerProfile,streamlabsApiKey,secret text,optional,blank,secure local recommended,CONFIRMED UI,"009"
StreamerProfile,streamelementsEnabled,boolean,optional,false,local,CONFIRMED,"009-010"
StreamerProfile,toonationApiKey,secret text,optional,blank,secure local recommended,CONFIRMED UI,"009-010"
StreamerProfile,customPageUrl,url,optional,blank,local,CONFIRMED,"010,012"
StreamerProfile,alertDashboardScale,integer,optional,280,local,CONFIRMED,"010,013"
BondingProfile,bondingOnly,boolean,optional,"visible control; restored state in evidence",local,CONFIRMED UI,"016-017"
LinkPolicy,transport,enum,required,"Cellular / Wi-Fi / Ethernet-USB",local,CONFIRMED,"017-019"
LinkPolicy,enabled,boolean,required,true,local and runtime,CONFIRMED,"017-019,133"
LinkPolicy,weight,integer,required,100,local and runtime,CONFIRMED,"018-020,133"
OutgoingConnection,name,text,required status unknown,blank,local inferred,CONFIRMED UI,"023-028"
OutgoingConnection,url,url,required,"protocol-specific",local inferred,CONFIRMED,"023-028"
OutgoingConnection,targetType,enum,optional,"Default (no authorization)",local inferred,CONFIRMED,"027"
OutgoingConnection,login,text,conditional,blank,secure local recommended,CONFIRMED UI,"028"
OutgoingConnection,password,secret text,conditional,blank,secure local recommended,CONFIRMED UI,"028"
OutgoingConnection,active,boolean,required,"none active",local/runtime inferred,CONFIRMED guard,"021,142"
VideoProfile,startCamera,enum,optional,"Rear camera (0)",local,CONFIRMED,"032,041"
VideoProfile,resolution,enum,required,"1920x1080 (16:9)",local,CONFIRMED,"032,042-043"
VideoProfile,fps,enum/range,required,"System default",local,CONFIRMED,"033,044-046"
VideoProfile,orientation,enum,required,Landscape,local,CONFIRMED,"033"
VideoProfile,focusMode,enum,required,"Continuous auto focus",local,CONFIRMED,"034,047"
VideoProfile,whiteBalance,enum,required,Auto,local,CONFIRMED,"034-035,048"
VideoProfile,antiFlicker,enum,required,Auto,local,CONFIRMED,"035,049"
VideoProfile,exposureCompensation,decimal,required,0,local/runtime,CONFIRMED,"035,050-053"
VideoProfile,matchBitrateToResolution,boolean,required,true,local,CONFIRMED,"035,054"
VideoProfile,h264BitrateKbps,integer,required,6000,local/runtime,CONFIRMED,"036,055"
VideoProfile,bitrateMode,enum,required,"System default",local,CONFIRMED,"036,056"
VideoProfile,keyframeSeconds,integer,required,2,local,CONFIRMED,"036,057"
VideoProfile,format,enum,required,Auto,local,CONFIRMED,"036,058"
VideoProfile,h264Profile,enum,required,"System default",local,CONFIRMED,"037,059"
VideoProfile,hevcProfile,enum,required,"System default",local,CONFIRMED,"037,060"
VideoProfile,noiseReduction,enum,required,Fast,local,CONFIRMED,"038,063"
VideoProfile,adaptiveMode,enum,required,"Automatically Select",local,CONFIRMED,"038-040,064"
AudioProfile,source,enum,required,Camcorder,local,CONFIRMED,"065-066"
AudioProfile,channels,enum,required,Stereo,local,CONFIRMED,"065,067"
AudioProfile,bitrateKbps,enum,required,Auto,local,CONFIRMED,"065,068-070"
AudioProfile,sampleRateHz,enum,required,44100,local,CONFIRMED,"071-073"
AudioProfile,inputGainDb,decimal,required,0.0 (-40 to +10),local/runtime,CONFIRMED,"071,074-075,137"
AudioProfile,aec,boolean,optional,false,local,CONFIRMED,"075"
AudioProfile,noiseSuppressor,boolean,optional,false,local,CONFIRMED,"075"
RecordingProfile,recordStream,boolean,optional,false,local,CONFIRMED,"076"
RecordingProfile,splitSections,boolean,optional,true,local,CONFIRMED,"076"
RecordingProfile,sectionMinutes,integer,conditional,30,local,CONFIRMED,"076-077"
RecordingProfile,snapshotFormat,enum,required,JPEG,local,CONFIRMED,"076,079"
RecordingProfile,snapshotQuality,enum,required,90,local,CONFIRMED,"078,080-081"
RecordingProfile,useSaf,boolean,optional,false,local,CONFIRMED,"078"
RecordingProfile,destination,path/tree URI,conditional,"DCIM/IRLPro, Podcasts/IRLPro",local/system grant,CONFIRMED UI,"078,082"
DisplayProfile,audioMeter,boolean,required,true,local,CONFIRMED,"083,086"
DisplayProfile,grid3x3,boolean,required,false,local,CONFIRMED,"083-084"
DisplayProfile,safeMargins,boolean,required,false,local,CONFIRMED,"083,085"
DisplayProfile,marginRatios,multi-enum,optional,"16:9 selected",local,CONFIRMED,"087-089"
DisplayProfile,marginIndentPercent,integer,required,5 (0-20),local,CONFIRMED,"087,090"
OverlayLayer,name,text,required,"Timestamp for built-in",local inferred,CONFIRMED,"093,098,103"
OverlayLayer,type,enum,required,"Picture or Text",local inferred,CONFIRMED,"096-098"
OverlayLayer,html,text,conditional,"built-in date template",local inferred,CONFIRMED,"093,103"
OverlayLayer,periodicRefresh,boolean,optional,"Timestamp true",local inferred,CONFIRMED,"098,103-104"
OverlayLayer,refreshSeconds,integer,conditional,1,local inferred,CONFIRMED,"104"
OverlayLayer,active,boolean,required,"Timestamp false",local/runtime,CONFIRMED,"094-095,104"
OverlayLayer,scalePercent,integer/off,optional,"Timestamp 20%; new layer Off",local inferred,CONFIRMED,"099,104"
OverlayLayer,position,enum,required,Center,local inferred,CONFIRMED,"099"
OverlayLayer,zOrder,integer,required,5,local inferred,CONFIRMED,"099-100"
WebOverlay,url,url,required,blank,local inferred,CONFIRMED UI,"108"
WebOverlay,customCss,text,optional,"transparent body CSS",local inferred,CONFIRMED,"108"
WebOverlay,viewMode,enum,required,"Preview + stream",local/runtime,CONFIRMED,"108,111"
WebOverlay,position,enum/custom,required,Center,local/runtime,CONFIRMED,"108,112-114"
WebOverlay,zOrder,integer,required,1,local inferred,CONFIRMED,"109"
WebOverlay,widthHeight,integer pair,required,"1280x720",local inferred,CONFIRMED,"109-110"
WebOverlay,scalePercent,integer,required,100,local inferred,CONFIRMED,"110"
RuntimeSession,currentCameraId,integer,required,0,ephemeral,CONFIRMED,"130,140-141"
RuntimeSession,zoom,decimal,required,1.00x,ephemeral,CONFIRMED,"131"
RuntimeSession,microphoneMuted,boolean,required,false,ephemeral,CONFIRMED,"001,139"
RuntimeSession,targetBitrateMbps,decimal,required,6.0,ephemeral/profile,CONFIRMED,"132"
RuntimeSession,currentAdaptiveBitrate,string,required,0bps idle,ephemeral,CONFIRMED,"132"
RuntimeSession,telemetry,structured numbers,read-only,"mA / mW / °C / fps",ephemeral,CONFIRMED,"001,130-145"

